resident_id,start,place,risk
0,0,81,1
0,360,101,1
0,480,106,1
0,720,100,1
0,1020,108,1
0,1260,81,1
1,0,14,1
1,360,104,1
1,480,105,1
1,720,102,1
1,1020,108,1
1,1260,14,1
2,0,3,1
2,360,100,1
2,480,105,1
2,720,104,1
2,1020,108,1
2,1260,3,1
3,0,94,1
3,360,102,1
3,480,107,1
3,720,101,1
3,1020,108,1
3,1260,94,1
4,0,35,1
4,360,103,1
4,480,105,1
4,720,100,1
4,1020,108,1
4,1260,35,1
5,0,31,1
5,360,104,1
5,480,106,1
5,720,103,1
5,1020,108,1
5,1260,31,1
6,0,28,1
6,360,103,1
6,480,106,1
6,720,102,1
6,1020,108,1
6,1260,28,1
7,0,17,1
7,360,101,1
7,480,105,1
7,720,102,1
7,1020,108,1
7,1260,17,1
8,0,94,1
8,360,103,1
8,480,105,1
8,720,100,1
8,1020,108,1
8,1260,94,1
9,0,13,1
9,360,103,1
9,480,106,1
9,720,100,1
9,1020,108,1
9,1260,13,1
10,0,86,1
10,360,104,1
10,480,107,1
10,720,100,1
10,1020,108,1
10,1260,86,1
11,0,94,1
11,360,101,1
11,480,105,1
11,720,104,1
11,1020,108,1
11,1260,94,1
12,0,69,1
12,360,102,1
12,480,105,1
12,720,101,1
12,1020,108,1
12,1260,69,1
13,0,11,1
13,360,100,1
13,480,107,1
13,720,103,1
13,1020,108,1
13,1260,11,1
14,0,75,1
14,360,104,1
14,480,107,1
14,720,104,1
14,1020,108,1
14,1260,75,1
15,0,54,1
15,360,101,1
15,480,107,1
15,720,103,1
15,1020,108,1
15,1260,54,1
16,0,4,1
16,360,103,1
16,480,106,1
16,720,102,1
16,1020,108,1
16,1260,4,1
17,0,3,1
17,360,104,1
17,480,106,1
17,720,102,1
17,1020,108,1
17,1260,3,1
18,0,11,1
18,360,104,1
18,480,107,1
18,720,100,1
18,1020,108,1
18,1260,11,1
19,0,27,1
19,360,104,1
19,480,107,1
19,720,100,1
19,1020,108,1
19,1260,27,1
20,0,29,1
20,360,101,1
20,480,107,1
20,720,101,1
20,1020,108,1
20,1260,29,1
21,0,64,1
21,360,102,1
21,480,107,1
21,720,100,1
21,1020,108,1
21,1260,64,1
22,0,77,1
22,360,101,1
22,480,105,1
22,720,101,1
22,1020,108,1
22,1260,77,1
23,0,3,1
23,360,104,1
23,480,105,1
23,720,101,1
23,1020,108,1
23,1260,3,1
24,0,71,1
24,360,100,1
24,480,106,1
24,720,103,1
24,1020,108,1
24,1260,71,1
25,0,25,1
25,360,104,1
25,480,106,1
25,720,102,1
25,1020,108,1
25,1260,25,1
26,0,91,1
26,360,100,1
26,480,105,1
26,720,102,1
26,1020,108,1
26,1260,91,1
27,0,83,1
27,360,102,1
27,480,107,1
27,720,103,1
27,1020,108,1
27,1260,83,1
28,0,89,1
28,360,100,1
28,480,107,1
28,720,101,1
28,1020,108,1
28,1260,89,1
29,0,69,1
29,360,102,1
29,480,107,1
29,720,104,1
29,1020,108,1
29,1260,69,1
30,0,53,1
30,360,101,1
30,480,106,1
30,720,100,1
30,1020,108,1
30,1260,53,1
31,0,28,1
31,360,104,1
31,480,105,1
31,720,101,1
31,1020,108,1
31,1260,28,1
32,0,57,1
32,360,102,1
32,480,105,1
32,720,100,1
32,1020,108,1
32,1260,57,1
33,0,75,1
33,360,100,1
33,480,105,1
33,720,102,1
33,1020,108,1
33,1260,75,1
34,0,35,1
34,360,104,1
34,480,107,1
34,720,104,1
34,1020,108,1
34,1260,35,1
35,0,0,1
35,360,102,1
35,480,106,1
35,720,100,1
35,1020,108,1
35,1260,0,1
36,0,97,1
36,360,103,1
36,480,107,1
36,720,102,1
36,1020,108,1
36,1260,97,1
37,0,20,1
37,360,103,1
37,480,106,1
37,720,104,1
37,1020,108,1
37,1260,20,1
38,0,89,1
38,360,104,1
38,480,106,1
38,720,103,1
38,1020,108,1
38,1260,89,1
39,0,54,1
39,360,100,1
39,480,107,1
39,720,100,1
39,1020,108,1
39,1260,54,1
40,0,43,1
40,360,103,1
40,480,107,1
40,720,102,1
40,1020,108,1
40,1260,43,1
41,0,35,1
41,360,104,1
41,480,106,1
41,720,100,1
41,1020,108,1
41,1260,35,1
42,0,19,1
42,360,100,1
42,480,105,1
42,720,104,1
42,1020,108,1
42,1260,19,1
43,0,27,1
43,360,104,1
43,480,105,1
43,720,102,1
43,1020,108,1
43,1260,27,1
44,0,97,1
44,360,104,1
44,480,105,1
44,720,101,1
44,1020,108,1
44,1260,97,1
45,0,43,1
45,360,103,1
45,480,107,1
45,720,103,1
45,1020,108,1
45,1260,43,1
46,0,13,1
46,360,102,1
46,480,105,1
46,720,104,1
46,1020,108,1
46,1260,13,1
47,0,11,1
47,360,103,1
47,480,107,1
47,720,103,1
47,1020,108,1
47,1260,11,1
48,0,48,1
48,360,100,1
48,480,106,1
48,720,102,1
48,1020,108,1
48,1260,48,1
49,0,12,1
49,360,103,1
49,480,106,1
49,720,102,1
49,1020,108,1
49,1260,12,1
50,0,45,1
50,360,100,1
50,480,105,1
50,720,102,1
50,1020,108,1
50,1260,45,1
51,0,44,1
51,360,103,1
51,480,107,1
51,720,103,1
51,1020,108,1
51,1260,44,1
52,0,77,1
52,360,102,1
52,480,107,1
52,720,103,1
52,1020,108,1
52,1260,77,1
53,0,33,1
53,360,104,1
53,480,105,1
53,720,103,1
53,1020,108,1
53,1260,33,1
54,0,5,1
54,360,100,1
54,480,106,1
54,720,102,1
54,1020,108,1
54,1260,5,1
55,0,93,1
55,360,102,1
55,480,105,1
55,720,103,1
55,1020,108,1
55,1260,93,1
56,0,58,1
56,360,104,1
56,480,105,1
56,720,104,1
56,1020,108,1
56,1260,58,1
57,0,68,1
57,360,103,1
57,480,106,1
57,720,100,1
57,1020,108,1
57,1260,68,1
58,0,15,1
58,360,101,1
58,480,107,1
58,720,102,1
58,1020,108,1
58,1260,15,1
59,0,48,1
59,360,104,1
59,480,106,1
59,720,103,1
59,1020,108,1
59,1260,48,1
60,0,10,1
60,360,100,1
60,480,105,1
60,720,102,1
60,1020,108,1
60,1260,10,1
61,0,70,1
61,360,104,1
61,480,105,1
61,720,102,1
61,1020,108,1
61,1260,70,1
62,0,37,1
62,360,103,1
62,480,107,1
62,720,103,1
62,1020,108,1
62,1260,37,1
63,0,80,1
63,360,100,1
63,480,105,1
63,720,104,1
63,1020,108,1
63,1260,80,1
64,0,79,1
64,360,101,1
64,480,107,1
64,720,101,1
64,1020,108,1
64,1260,79,1
65,0,46,1
65,360,102,1
65,480,107,1
65,720,100,1
65,1020,108,1
65,1260,46,1
66,0,73,1
66,360,104,1
66,480,106,1
66,720,100,1
66,1020,108,1
66,1260,73,1
67,0,24,1
67,360,101,1
67,480,105,1
67,720,103,1
67,1020,108,1
67,1260,24,1
68,0,90,1
68,360,100,1
68,480,107,1
68,720,101,1
68,1020,108,1
68,1260,90,1
69,0,8,1
69,360,103,1
69,480,107,1
69,720,102,1
69,1020,108,1
69,1260,8,1
70,0,5,1
70,360,104,1
70,480,107,1
70,720,102,1
70,1020,108,1
70,1260,5,1
71,0,84,1
71,360,103,1
71,480,106,1
71,720,103,1
71,1020,108,1
71,1260,84,1
72,0,29,1
72,360,101,1
72,480,106,1
72,720,104,1
72,1020,108,1
72,1260,29,1
73,0,98,1
73,360,101,1
73,480,106,1
73,720,101,1
73,1020,108,1
73,1260,98,1
74,0,37,1
74,360,104,1
74,480,107,1
74,720,101,1
74,1020,108,1
74,1260,37,1
75,0,10,1
75,360,100,1
75,480,106,1
75,720,103,1
75,1020,108,1
75,1260,10,1
76,0,29,1
76,360,102,1
76,480,107,1
76,720,102,1
76,1020,108,1
76,1260,29,1
77,0,12,1
77,360,100,1
77,480,106,1
77,720,102,1
77,1020,108,1
77,1260,12,1
78,0,48,1
78,360,104,1
78,480,107,1
78,720,103,1
78,1020,108,1
78,1260,48,1
79,0,35,1
79,360,101,1
79,480,106,1
79,720,104,1
79,1020,108,1
79,1260,35,1
80,0,58,1
80,360,103,1
80,480,106,1
80,720,102,1
80,1020,108,1
80,1260,58,1
81,0,81,1
81,360,104,1
81,480,107,1
81,720,103,1
81,1020,108,1
81,1260,81,1
82,0,46,1
82,360,103,1
82,480,106,1
82,720,101,1
82,1020,108,1
82,1260,46,1
83,0,20,1
83,360,101,1
83,480,107,1
83,720,103,1
83,1020,108,1
83,1260,20,1
84,0,47,1
84,360,101,1
84,480,106,1
84,720,100,1
84,1020,108,1
84,1260,47,1
85,0,45,1
85,360,102,1
85,480,107,1
85,720,103,1
85,1020,108,1
85,1260,45,1
86,0,26,1
86,360,103,1
86,480,106,1
86,720,101,1
86,1020,108,1
86,1260,26,1
87,0,85,1
87,360,103,1
87,480,105,1
87,720,101,1
87,1020,108,1
87,1260,85,1
88,0,34,1
88,360,104,1
88,480,107,1
88,720,102,1
88,1020,108,1
88,1260,34,1
89,0,89,1
89,360,100,1
89,480,106,1
89,720,100,1
89,1020,108,1
89,1260,89,1
90,0,87,1
90,360,104,1
90,480,106,1
90,720,100,1
90,1020,108,1
90,1260,87,1
91,0,82,1
91,360,101,1
91,480,106,1
91,720,101,1
91,1020,108,1
91,1260,82,1
92,0,9,1
92,360,100,1
92,480,106,1
92,720,102,1
92,1020,108,1
92,1260,9,1
93,0,77,1
93,360,102,1
93,480,107,1
93,720,103,1
93,1020,108,1
93,1260,77,1
94,0,81,1
94,360,100,1
94,480,106,1
94,720,104,1
94,1020,108,1
94,1260,81,1
95,0,21,1
95,360,103,1
95,480,106,1
95,720,103,1
95,1020,108,1
95,1260,21,1
96,0,68,1
96,360,104,1
96,480,105,1
96,720,104,1
96,1020,108,1
96,1260,68,1
97,0,93,1
97,360,100,1
97,480,105,1
97,720,102,1
97,1020,108,1
97,1260,93,1
98,0,31,1
98,360,101,1
98,480,107,1
98,720,100,1
98,1020,108,1
98,1260,31,1
99,0,20,1
99,360,103,1
99,480,105,1
99,720,100,1
99,1020,108,1
99,1260,20,1
100,0,59,1
100,360,103,1
100,480,105,1
100,720,102,1
100,1020,108,1
100,1260,59,1
101,0,48,1
101,360,100,1
101,480,105,1
101,720,102,1
101,1020,108,1
101,1260,48,1
102,0,34,1
102,360,100,1
102,480,106,1
102,720,102,1
102,1020,108,1
102,1260,34,1
103,0,81,1
103,360,102,1
103,480,106,1
103,720,101,1
103,1020,108,1
103,1260,81,1
104,0,88,1
104,360,101,1
104,480,107,1
104,720,103,1
104,1020,108,1
104,1260,88,1
105,0,71,1
105,360,104,1
105,480,107,1
105,720,101,1
105,1020,108,1
105,1260,71,1
106,0,28,1
106,360,101,1
106,480,105,1
106,720,100,1
106,1020,108,1
106,1260,28,1
107,0,87,1
107,360,104,1
107,480,106,1
107,720,104,1
107,1020,108,1
107,1260,87,1
108,0,41,1
108,360,101,1
108,480,106,1
108,720,104,1
108,1020,108,1
108,1260,41,1
109,0,98,1
109,360,101,1
109,480,105,1
109,720,103,1
109,1020,108,1
109,1260,98,1
110,0,99,1
110,360,102,1
110,480,106,1
110,720,102,1
110,1020,108,1
110,1260,99,1
111,0,7,1
111,360,100,1
111,480,106,1
111,720,102,1
111,1020,108,1
111,1260,7,1
112,0,29,1
112,360,104,1
112,480,105,1
112,720,100,1
112,1020,108,1
112,1260,29,1
113,0,4,1
113,360,103,1
113,480,106,1
113,720,104,1
113,1020,108,1
113,1260,4,1
114,0,40,1
114,360,102,1
114,480,107,1
114,720,103,1
114,1020,108,1
114,1260,40,1
115,0,51,1
115,360,102,1
115,480,106,1
115,720,102,1
115,1020,108,1
115,1260,51,1
116,0,34,1
116,360,101,1
116,480,106,1
116,720,103,1
116,1020,108,1
116,1260,34,1
117,0,8,1
117,360,100,1
117,480,105,1
117,720,103,1
117,1020,108,1
117,1260,8,1
118,0,27,1
118,360,104,1
118,480,106,1
118,720,104,1
118,1020,108,1
118,1260,27,1
119,0,72,1
119,360,102,1
119,480,107,1
119,720,102,1
119,1020,108,1
119,1260,72,1
120,0,91,1
120,360,100,1
120,480,107,1
120,720,103,1
120,1020,108,1
120,1260,91,1
121,0,40,1
121,360,102,1
121,480,105,1
121,720,104,1
121,1020,108,1
121,1260,40,1
122,0,27,1
122,360,100,1
122,480,107,1
122,720,103,1
122,1020,108,1
122,1260,27,1
123,0,83,1
123,360,102,1
123,480,105,1
123,720,104,1
123,1020,108,1
123,1260,83,1
124,0,63,1
124,360,102,1
124,480,105,1
124,720,101,1
124,1020,108,1
124,1260,63,1
125,0,50,1
125,360,104,1
125,480,106,1
125,720,101,1
125,1020,108,1
125,1260,50,1
126,0,82,1
126,360,100,1
126,480,107,1
126,720,100,1
126,1020,108,1
126,1260,82,1
127,0,58,1
127,360,102,1
127,480,106,1
127,720,100,1
127,1020,108,1
127,1260,58,1
128,0,18,1
128,360,104,1
128,480,106,1
128,720,101,1
128,1020,108,1
128,1260,18,1
129,0,33,1
129,360,100,1
129,480,106,1
129,720,102,1
129,1020,108,1
129,1260,33,1
130,0,17,1
130,360,103,1
130,480,105,1
130,720,101,1
130,1020,108,1
130,1260,17,1
131,0,31,1
131,360,101,1
131,480,107,1
131,720,102,1
131,1020,108,1
131,1260,31,1
132,0,95,1
132,360,104,1
132,480,107,1
132,720,102,1
132,1020,108,1
132,1260,95,1
133,0,71,1
133,360,101,1
133,480,106,1
133,720,103,1
133,1020,108,1
133,1260,71,1
134,0,68,1
134,360,102,1
134,480,107,1
134,720,102,1
134,1020,108,1
134,1260,68,1
135,0,33,1
135,360,100,1
135,480,106,1
135,720,100,1
135,1020,108,1
135,1260,33,1
136,0,95,1
136,360,101,1
136,480,105,1
136,720,103,1
136,1020,108,1
136,1260,95,1
137,0,74,1
137,360,104,1
137,480,106,1
137,720,100,1
137,1020,108,1
137,1260,74,1
138,0,54,1
138,360,103,1
138,480,105,1
138,720,102,1
138,1020,108,1
138,1260,54,1
139,0,74,1
139,360,104,1
139,480,105,1
139,720,103,1
139,1020,108,1
139,1260,74,1
140,0,51,1
140,360,102,1
140,480,107,1
140,720,102,1
140,1020,108,1
140,1260,51,1
141,0,46,1
141,360,104,1
141,480,106,1
141,720,102,1
141,1020,108,1
141,1260,46,1
142,0,28,1
142,360,100,1
142,480,107,1
142,720,101,1
142,1020,108,1
142,1260,28,1
143,0,17,1
143,360,103,1
143,480,105,1
143,720,104,1
143,1020,108,1
143,1260,17,1
144,0,65,1
144,360,104,1
144,480,106,1
144,720,104,1
144,1020,108,1
144,1260,65,1
145,0,63,1
145,360,101,1
145,480,107,1
145,720,100,1
145,1020,108,1
145,1260,63,1
146,0,11,1
146,360,103,1
146,480,107,1
146,720,102,1
146,1020,108,1
146,1260,11,1
147,0,96,1
147,360,103,1
147,480,105,1
147,720,101,1
147,1020,108,1
147,1260,96,1
148,0,6,1
148,360,100,1
148,480,105,1
148,720,102,1
148,1020,108,1
148,1260,6,1
149,0,14,1
149,360,103,1
149,480,105,1
149,720,100,1
149,1020,108,1
149,1260,14,1
150,0,19,1
150,360,101,1
150,480,107,1
150,720,101,1
150,1020,108,1
150,1260,19,1
151,0,80,1
151,360,103,1
151,480,106,1
151,720,102,1
151,1020,108,1
151,1260,80,1
152,0,20,1
152,360,104,1
152,480,106,1
152,720,104,1
152,1020,108,1
152,1260,20,1
153,0,87,1
153,360,101,1
153,480,106,1
153,720,100,1
153,1020,108,1
153,1260,87,1
154,0,54,1
154,360,103,1
154,480,107,1
154,720,103,1
154,1020,108,1
154,1260,54,1
155,0,76,1
155,360,102,1
155,480,105,1
155,720,102,1
155,1020,108,1
155,1260,76,1
156,0,8,1
156,360,101,1
156,480,106,1
156,720,103,1
156,1020,108,1
156,1260,8,1
157,0,49,1
157,360,101,1
157,480,106,1
157,720,100,1
157,1020,108,1
157,1260,49,1
158,0,48,1
158,360,102,1
158,480,107,1
158,720,102,1
158,1020,108,1
158,1260,48,1
159,0,76,1
159,360,100,1
159,480,106,1
159,720,102,1
159,1020,108,1
159,1260,76,1
160,0,59,1
160,360,101,1
160,480,105,1
160,720,103,1
160,1020,108,1
160,1260,59,1
161,0,67,1
161,360,100,1
161,480,107,1
161,720,101,1
161,1020,108,1
161,1260,67,1
162,0,32,1
162,360,104,1
162,480,105,1
162,720,100,1
162,1020,108,1
162,1260,32,1
163,0,70,1
163,360,102,1
163,480,105,1
163,720,101,1
163,1020,108,1
163,1260,70,1
164,0,1,1
164,360,104,1
164,480,105,1
164,720,100,1
164,1020,108,1
164,1260,1,1
165,0,87,1
165,360,104,1
165,480,105,1
165,720,104,1
165,1020,108,1
165,1260,87,1
166,0,92,1
166,360,101,1
166,480,105,1
166,720,102,1
166,1020,108,1
166,1260,92,1
167,0,14,1
167,360,101,1
167,480,107,1
167,720,100,1
167,1020,108,1
167,1260,14,1
168,0,87,1
168,360,102,1
168,480,105,1
168,720,101,1
168,1020,108,1
168,1260,87,1
169,0,68,1
169,360,104,1
169,480,106,1
169,720,101,1
169,1020,108,1
169,1260,68,1
170,0,96,1
170,360,100,1
170,480,107,1
170,720,100,1
170,1020,108,1
170,1260,96,1
171,0,34,1
171,360,101,1
171,480,105,1
171,720,102,1
171,1020,108,1
171,1260,34,1
172,0,98,1
172,360,101,1
172,480,107,1
172,720,102,1
172,1020,108,1
172,1260,98,1
173,0,82,1
173,360,100,1
173,480,105,1
173,720,102,1
173,1020,108,1
173,1260,82,1
174,0,43,1
174,360,100,1
174,480,105,1
174,720,103,1
174,1020,108,1
174,1260,43,1
175,0,14,1
175,360,104,1
175,480,105,1
175,720,100,1
175,1020,108,1
175,1260,14,1
176,0,37,1
176,360,103,1
176,480,106,1
176,720,102,1
176,1020,108,1
176,1260,37,1
177,0,55,1
177,360,104,1
177,480,107,1
177,720,100,1
177,1020,108,1
177,1260,55,1
178,0,20,1
178,360,103,1
178,480,107,1
178,720,101,1
178,1020,108,1
178,1260,20,1
179,0,58,1
179,360,104,1
179,480,105,1
179,720,104,1
179,1020,108,1
179,1260,58,1
180,0,0,1
180,360,102,1
180,480,106,1
180,720,100,1
180,1020,108,1
180,1260,0,1
181,0,92,1
181,360,100,1
181,480,106,1
181,720,103,1
181,1020,108,1
181,1260,92,1
182,0,92,1
182,360,103,1
182,480,107,1
182,720,100,1
182,1020,108,1
182,1260,92,1
183,0,33,1
183,360,103,1
183,480,107,1
183,720,103,1
183,1020,108,1
183,1260,33,1
184,0,64,1
184,360,100,1
184,480,105,1
184,720,102,1
184,1020,108,1
184,1260,64,1
185,0,97,1
185,360,104,1
185,480,105,1
185,720,100,1
185,1020,108,1
185,1260,97,1
186,0,22,1
186,360,101,1
186,480,106,1
186,720,104,1
186,1020,108,1
186,1260,22,1
187,0,64,1
187,360,104,1
187,480,107,1
187,720,102,1
187,1020,108,1
187,1260,64,1
188,0,13,1
188,360,103,1
188,480,107,1
188,720,104,1
188,1020,108,1
188,1260,13,1
189,0,80,1
189,360,102,1
189,480,106,1
189,720,104,1
189,1020,108,1
189,1260,80,1
190,0,38,1
190,360,104,1
190,480,106,1
190,720,100,1
190,1020,108,1
190,1260,38,1
191,0,81,1
191,360,100,1
191,480,107,1
191,720,104,1
191,1020,108,1
191,1260,81,1
192,0,64,1
192,360,101,1
192,480,106,1
192,720,103,1
192,1020,108,1
192,1260,64,1
193,0,77,1
193,360,101,1
193,480,106,1
193,720,102,1
193,1020,108,1
193,1260,77,1
194,0,25,1
194,360,103,1
194,480,106,1
194,720,103,1
194,1020,108,1
194,1260,25,1
195,0,19,1
195,360,100,1
195,480,106,1
195,720,103,1
195,1020,108,1
195,1260,19,1
196,0,47,1
196,360,102,1
196,480,107,1
196,720,102,1
196,1020,108,1
196,1260,47,1
197,0,97,1
197,360,102,1
197,480,105,1
197,720,103,1
197,1020,108,1
197,1260,97,1
198,0,20,1
198,360,100,1
198,480,105,1
198,720,100,1
198,1020,108,1
198,1260,20,1
199,0,69,1
199,360,100,1
199,480,106,1
199,720,100,1
199,1020,108,1
199,1260,69,1
200,0,99,1
200,360,102,1
200,480,105,1
200,720,104,1
200,1020,108,1
200,1260,99,1
201,0,67,1
201,360,100,1
201,480,107,1
201,720,104,1
201,1020,108,1
201,1260,67,1
202,0,0,1
202,360,104,1
202,480,106,1
202,720,100,1
202,1020,108,1
202,1260,0,1
203,0,76,1
203,360,103,1
203,480,106,1
203,720,103,1
203,1020,108,1
203,1260,76,1
204,0,41,1
204,360,100,1
204,480,106,1
204,720,104,1
204,1020,108,1
204,1260,41,1
205,0,62,1
205,360,102,1
205,480,106,1
205,720,100,1
205,1020,108,1
205,1260,62,1
206,0,2,1
206,360,104,1
206,480,107,1
206,720,101,1
206,1020,108,1
206,1260,2,1
207,0,14,1
207,360,101,1
207,480,107,1
207,720,103,1
207,1020,108,1
207,1260,14,1
208,0,46,1
208,360,101,1
208,480,105,1
208,720,102,1
208,1020,108,1
208,1260,46,1
209,0,39,1
209,360,104,1
209,480,106,1
209,720,100,1
209,1020,108,1
209,1260,39,1
210,0,30,1
210,360,102,1
210,480,107,1
210,720,101,1
210,1020,108,1
210,1260,30,1
211,0,7,1
211,360,103,1
211,480,107,1
211,720,104,1
211,1020,108,1
211,1260,7,1
212,0,30,1
212,360,104,1
212,480,107,1
212,720,104,1
212,1020,108,1
212,1260,30,1
213,0,72,1
213,360,100,1
213,480,107,1
213,720,102,1
213,1020,108,1
213,1260,72,1
214,0,10,1
214,360,100,1
214,480,105,1
214,720,102,1
214,1020,108,1
214,1260,10,1
215,0,10,1
215,360,102,1
215,480,106,1
215,720,102,1
215,1020,108,1
215,1260,10,1
216,0,93,1
216,360,100,1
216,480,105,1
216,720,101,1
216,1020,108,1
216,1260,93,1
217,0,62,1
217,360,104,1
217,480,107,1
217,720,103,1
217,1020,108,1
217,1260,62,1
218,0,8,1
218,360,100,1
218,480,105,1
218,720,100,1
218,1020,108,1
218,1260,8,1
219,0,97,1
219,360,100,1
219,480,107,1
219,720,104,1
219,1020,108,1
219,1260,97,1
220,0,68,1
220,360,101,1
220,480,106,1
220,720,103,1
220,1020,108,1
220,1260,68,1
221,0,98,1
221,360,103,1
221,480,106,1
221,720,101,1
221,1020,108,1
221,1260,98,1
222,0,16,1
222,360,102,1
222,480,106,1
222,720,102,1
222,1020,108,1
222,1260,16,1
223,0,16,1
223,360,104,1
223,480,107,1
223,720,100,1
223,1020,108,1
223,1260,16,1
224,0,84,1
224,360,100,1
224,480,105,1
224,720,101,1
224,1020,108,1
224,1260,84,1
225,0,60,1
225,360,104,1
225,480,105,1
225,720,100,1
225,1020,108,1
225,1260,60,1
226,0,70,1
226,360,102,1
226,480,106,1
226,720,103,1
226,1020,108,1
226,1260,70,1
227,0,21,1
227,360,103,1
227,480,107,1
227,720,103,1
227,1020,108,1
227,1260,21,1
228,0,33,1
228,360,103,1
228,480,106,1
228,720,101,1
228,1020,108,1
228,1260,33,1
229,0,67,1
229,360,104,1
229,480,105,1
229,720,102,1
229,1020,108,1
229,1260,67,1
230,0,77,1
230,360,103,1
230,480,105,1
230,720,102,1
230,1020,108,1
230,1260,77,1
231,0,54,1
231,360,104,1
231,480,106,1
231,720,104,1
231,1020,108,1
231,1260,54,1
232,0,27,1
232,360,102,1
232,480,105,1
232,720,101,1
232,1020,108,1
232,1260,27,1
233,0,69,1
233,360,103,1
233,480,107,1
233,720,100,1
233,1020,108,1
233,1260,69,1
234,0,96,1
234,360,100,1
234,480,105,1
234,720,102,1
234,1020,108,1
234,1260,96,1
235,0,93,1
235,360,101,1
235,480,105,1
235,720,102,1
235,1020,108,1
235,1260,93,1
236,0,88,1
236,360,102,1
236,480,106,1
236,720,100,1
236,1020,108,1
236,1260,88,1
237,0,25,1
237,360,100,1
237,480,106,1
237,720,103,1
237,1020,108,1
237,1260,25,1
238,0,91,1
238,360,101,1
238,480,105,1
238,720,103,1
238,1020,108,1
238,1260,91,1
239,0,39,1
239,360,104,1
239,480,107,1
239,720,101,1
239,1020,108,1
239,1260,39,1
240,0,51,1
240,360,104,1
240,480,107,1
240,720,102,1
240,1020,108,1
240,1260,51,1
241,0,85,1
241,360,100,1
241,480,106,1
241,720,100,1
241,1020,108,1
241,1260,85,1
242,0,83,1
242,360,103,1
242,480,105,1
242,720,103,1
242,1020,108,1
242,1260,83,1
243,0,47,1
243,360,100,1
243,480,106,1
243,720,104,1
243,1020,108,1
243,1260,47,1
244,0,56,1
244,360,103,1
244,480,107,1
244,720,103,1
244,1020,108,1
244,1260,56,1
245,0,66,1
245,360,103,1
245,480,106,1
245,720,100,1
245,1020,108,1
245,1260,66,1
246,0,57,1
246,360,103,1
246,480,105,1
246,720,102,1
246,1020,108,1
246,1260,57,1
247,0,15,1
247,360,101,1
247,480,107,1
247,720,103,1
247,1020,108,1
247,1260,15,1
248,0,31,1
248,360,102,1
248,480,105,1
248,720,103,1
248,1020,108,1
248,1260,31,1
249,0,28,1
249,360,100,1
249,480,105,1
249,720,103,1
249,1020,108,1
249,1260,28,1
250,0,8,1
250,360,104,1
250,480,106,1
250,720,104,1
250,1020,108,1
250,1260,8,1
251,0,43,1
251,360,100,1
251,480,106,1
251,720,102,1
251,1020,108,1
251,1260,43,1
252,0,2,1
252,360,102,1
252,480,105,1
252,720,102,1
252,1020,108,1
252,1260,2,1
253,0,75,1
253,360,101,1
253,480,105,1
253,720,104,1
253,1020,108,1
253,1260,75,1
254,0,70,1
254,360,100,1
254,480,107,1
254,720,104,1
254,1020,108,1
254,1260,70,1
255,0,29,1
255,360,101,1
255,480,106,1
255,720,102,1
255,1020,108,1
255,1260,29,1
256,0,75,1
256,360,101,1
256,480,105,1
256,720,100,1
256,1020,108,1
256,1260,75,1
257,0,28,1
257,360,101,1
257,480,106,1
257,720,101,1
257,1020,108,1
257,1260,28,1
258,0,0,1
258,360,101,1
258,480,107,1
258,720,101,1
258,1020,108,1
258,1260,0,1
259,0,9,1
259,360,100,1
259,480,105,1
259,720,103,1
259,1020,108,1
259,1260,9,1
260,0,90,1
260,360,103,1
260,480,107,1
260,720,104,1
260,1020,108,1
260,1260,90,1
261,0,80,1
261,360,103,1
261,480,107,1
261,720,104,1
261,1020,108,1
261,1260,80,1
262,0,7,1
262,360,104,1
262,480,106,1
262,720,102,1
262,1020,108,1
262,1260,7,1
263,0,29,1
263,360,101,1
263,480,106,1
263,720,100,1
263,1020,108,1
263,1260,29,1
264,0,8,1
264,360,103,1
264,480,106,1
264,720,102,1
264,1020,108,1
264,1260,8,1
265,0,4,1
265,360,102,1
265,480,107,1
265,720,100,1
265,1020,108,1
265,1260,4,1
266,0,42,1
266,360,102,1
266,480,107,1
266,720,100,1
266,1020,108,1
266,1260,42,1
267,0,9,1
267,360,102,1
267,480,106,1
267,720,103,1
267,1020,108,1
267,1260,9,1
268,0,65,1
268,360,100,1
268,480,105,1
268,720,102,1
268,1020,108,1
268,1260,65,1
269,0,30,1
269,360,102,1
269,480,105,1
269,720,100,1
269,1020,108,1
269,1260,30,1
270,0,35,1
270,360,104,1
270,480,107,1
270,720,104,1
270,1020,108,1
270,1260,35,1
271,0,85,1
271,360,103,1
271,480,106,1
271,720,104,1
271,1020,108,1
271,1260,85,1
272,0,62,1
272,360,104,1
272,480,107,1
272,720,100,1
272,1020,108,1
272,1260,62,1
273,0,27,1
273,360,103,1
273,480,107,1
273,720,101,1
273,1020,108,1
273,1260,27,1
274,0,69,1
274,360,102,1
274,480,107,1
274,720,103,1
274,1020,108,1
274,1260,69,1
275,0,16,1
275,360,104,1
275,480,105,1
275,720,100,1
275,1020,108,1
275,1260,16,1
276,0,92,1
276,360,103,1
276,480,105,1
276,720,102,1
276,1020,108,1
276,1260,92,1
277,0,73,1
277,360,100,1
277,480,107,1
277,720,101,1
277,1020,108,1
277,1260,73,1
278,0,73,1
278,360,100,1
278,480,105,1
278,720,103,1
278,1020,108,1
278,1260,73,1
279,0,60,1
279,360,103,1
279,480,107,1
279,720,104,1
279,1020,108,1
279,1260,60,1
280,0,31,1
280,360,104,1
280,480,105,1
280,720,102,1
280,1020,108,1
280,1260,31,1
281,0,60,1
281,360,102,1
281,480,106,1
281,720,103,1
281,1020,108,1
281,1260,60,1
282,0,52,1
282,360,103,1
282,480,106,1
282,720,104,1
282,1020,108,1
282,1260,52,1
283,0,24,1
283,360,100,1
283,480,107,1
283,720,102,1
283,1020,108,1
283,1260,24,1
284,0,12,1
284,360,100,1
284,480,106,1
284,720,100,1
284,1020,108,1
284,1260,12,1
285,0,12,1
285,360,104,1
285,480,107,1
285,720,103,1
285,1020,108,1
285,1260,12,1
286,0,84,1
286,360,102,1
286,480,106,1
286,720,104,1
286,1020,108,1
286,1260,84,1
287,0,55,1
287,360,101,1
287,480,106,1
287,720,100,1
287,1020,108,1
287,1260,55,1
288,0,45,1
288,360,104,1
288,480,107,1
288,720,101,1
288,1020,108,1
288,1260,45,1
289,0,54,1
289,360,102,1
289,480,106,1
289,720,103,1
289,1020,108,1
289,1260,54,1
290,0,52,1
290,360,101,1
290,480,107,1
290,720,100,1
290,1020,108,1
290,1260,52,1
291,0,59,1
291,360,102,1
291,480,107,1
291,720,103,1
291,1020,108,1
291,1260,59,1
292,0,93,1
292,360,102,1
292,480,105,1
292,720,104,1
292,1020,108,1
292,1260,93,1
293,0,6,1
293,360,100,1
293,480,107,1
293,720,103,1
293,1020,108,1
293,1260,6,1
294,0,86,1
294,360,104,1
294,480,106,1
294,720,100,1
294,1020,108,1
294,1260,86,1
295,0,83,1
295,360,102,1
295,480,106,1
295,720,101,1
295,1020,108,1
295,1260,83,1
296,0,82,1
296,360,101,1
296,480,106,1
296,720,103,1
296,1020,108,1
296,1260,82,1
297,0,12,1
297,360,101,1
297,480,105,1
297,720,101,1
297,1020,108,1
297,1260,12,1
298,0,7,1
298,360,101,1
298,480,105,1
298,720,102,1
298,1020,108,1
298,1260,7,1
299,0,51,1
299,360,100,1
299,480,107,1
299,720,104,1
299,1020,108,1
299,1260,51,1
300,0,93,1
300,360,104,1
300,480,105,1
300,720,102,1
300,1020,108,1
300,1260,93,1
301,0,43,1
301,360,104,1
301,480,105,1
301,720,104,1
301,1020,108,1
301,1260,43,1
302,0,13,1
302,360,103,1
302,480,105,1
302,720,101,1
302,1020,108,1
302,1260,13,1
303,0,31,1
303,360,101,1
303,480,107,1
303,720,104,1
303,1020,108,1
303,1260,31,1
304,0,24,1
304,360,101,1
304,480,107,1
304,720,103,1
304,1020,108,1
304,1260,24,1
305,0,24,1
305,360,100,1
305,480,106,1
305,720,102,1
305,1020,108,1
305,1260,24,1
306,0,68,1
306,360,101,1
306,480,106,1
306,720,104,1
306,1020,108,1
306,1260,68,1
307,0,57,1
307,360,102,1
307,480,107,1
307,720,103,1
307,1020,108,1
307,1260,57,1
308,0,17,1
308,360,101,1
308,480,107,1
308,720,101,1
308,1020,108,1
308,1260,17,1
309,0,54,1
309,360,102,1
309,480,106,1
309,720,101,1
309,1020,108,1
309,1260,54,1
310,0,23,1
310,360,102,1
310,480,107,1
310,720,104,1
310,1020,108,1
310,1260,23,1
311,0,35,1
311,360,103,1
311,480,106,1
311,720,102,1
311,1020,108,1
311,1260,35,1
312,0,59,1
312,360,103,1
312,480,107,1
312,720,104,1
312,1020,108,1
312,1260,59,1
313,0,31,1
313,360,103,1
313,480,105,1
313,720,101,1
313,1020,108,1
313,1260,31,1
314,0,9,1
314,360,104,1
314,480,105,1
314,720,102,1
314,1020,108,1
314,1260,9,1
315,0,56,1
315,360,100,1
315,480,107,1
315,720,103,1
315,1020,108,1
315,1260,56,1
316,0,70,1
316,360,102,1
316,480,107,1
316,720,100,1
316,1020,108,1
316,1260,70,1
317,0,12,1
317,360,104,1
317,480,105,1
317,720,102,1
317,1020,108,1
317,1260,12,1
318,0,6,1
318,360,100,1
318,480,105,1
318,720,102,1
318,1020,108,1
318,1260,6,1
319,0,83,1
319,360,103,1
319,480,107,1
319,720,101,1
319,1020,108,1
319,1260,83,1
320,0,69,1
320,360,103,1
320,480,105,1
320,720,101,1
320,1020,108,1
320,1260,69,1
321,0,1,1
321,360,103,1
321,480,106,1
321,720,100,1
321,1020,108,1
321,1260,1,1
322,0,11,1
322,360,103,1
322,480,105,1
322,720,103,1
322,1020,108,1
322,1260,11,1
323,0,96,1
323,360,104,1
323,480,106,1
323,720,101,1
323,1020,108,1
323,1260,96,1
324,0,30,1
324,360,103,1
324,480,105,1
324,720,102,1
324,1020,108,1
324,1260,30,1
325,0,21,1
325,360,101,1
325,480,105,1
325,720,102,1
325,1020,108,1
325,1260,21,1
326,0,52,1
326,360,100,1
326,480,107,1
326,720,102,1
326,1020,108,1
326,1260,52,1
327,0,62,1
327,360,101,1
327,480,105,1
327,720,100,1
327,1020,108,1
327,1260,62,1
328,0,61,1
328,360,102,1
328,480,106,1
328,720,101,1
328,1020,108,1
328,1260,61,1
329,0,27,1
329,360,103,1
329,480,106,1
329,720,104,1
329,1020,108,1
329,1260,27,1
330,0,51,1
330,360,100,1
330,480,105,1
330,720,100,1
330,1020,108,1
330,1260,51,1
331,0,7,1
331,360,102,1
331,480,105,1
331,720,101,1
331,1020,108,1
331,1260,7,1
332,0,21,1
332,360,104,1
332,480,107,1
332,720,104,1
332,1020,108,1
332,1260,21,1
333,0,48,1
333,360,104,1
333,480,106,1
333,720,100,1
333,1020,108,1
333,1260,48,1
334,0,0,1
334,360,102,1
334,480,105,1
334,720,102,1
334,1020,108,1
334,1260,0,1
335,0,49,1
335,360,100,1
335,480,105,1
335,720,101,1
335,1020,108,1
335,1260,49,1
336,0,33,1
336,360,103,1
336,480,107,1
336,720,104,1
336,1020,108,1
336,1260,33,1
337,0,58,1
337,360,103,1
337,480,105,1
337,720,100,1
337,1020,108,1
337,1260,58,1
338,0,36,1
338,360,103,1
338,480,107,1
338,720,104,1
338,1020,108,1
338,1260,36,1
339,0,54,1
339,360,100,1
339,480,107,1
339,720,104,1
339,1020,108,1
339,1260,54,1
340,0,89,1
340,360,104,1
340,480,105,1
340,720,101,1
340,1020,108,1
340,1260,89,1
341,0,93,1
341,360,102,1
341,480,106,1
341,720,100,1
341,1020,108,1
341,1260,93,1
342,0,71,1
342,360,104,1
342,480,106,1
342,720,101,1
342,1020,108,1
342,1260,71,1
343,0,84,1
343,360,104,1
343,480,106,1
343,720,101,1
343,1020,108,1
343,1260,84,1
344,0,91,1
344,360,100,1
344,480,107,1
344,720,102,1
344,1020,108,1
344,1260,91,1
345,0,62,1
345,360,100,1
345,480,107,1
345,720,104,1
345,1020,108,1
345,1260,62,1
346,0,19,1
346,360,104,1
346,480,107,1
346,720,104,1
346,1020,108,1
346,1260,19,1
347,0,24,1
347,360,100,1
347,480,106,1
347,720,103,1
347,1020,108,1
347,1260,24,1
348,0,37,1
348,360,100,1
348,480,107,1
348,720,103,1
348,1020,108,1
348,1260,37,1
349,0,27,1
349,360,102,1
349,480,106,1
349,720,100,1
349,1020,108,1
349,1260,27,1
350,0,7,1
350,360,102,1
350,480,105,1
350,720,102,1
350,1020,108,1
350,1260,7,1
351,0,74,1
351,360,101,1
351,480,107,1
351,720,100,1
351,1020,108,1
351,1260,74,1
352,0,94,1
352,360,104,1
352,480,107,1
352,720,102,1
352,1020,108,1
352,1260,94,1
353,0,69,1
353,360,101,1
353,480,105,1
353,720,102,1
353,1020,108,1
353,1260,69,1
354,0,7,1
354,360,104,1
354,480,106,1
354,720,101,1
354,1020,108,1
354,1260,7,1
355,0,95,1
355,360,103,1
355,480,107,1
355,720,103,1
355,1020,108,1
355,1260,95,1
356,0,40,1
356,360,101,1
356,480,105,1
356,720,100,1
356,1020,108,1
356,1260,40,1
357,0,7,1
357,360,103,1
357,480,105,1
357,720,102,1
357,1020,108,1
357,1260,7,1
358,0,6,1
358,360,101,1
358,480,105,1
358,720,101,1
358,1020,108,1
358,1260,6,1
359,0,74,1
359,360,100,1
359,480,106,1
359,720,102,1
359,1020,108,1
359,1260,74,1
360,0,61,1
360,360,104,1
360,480,106,1
360,720,104,1
360,1020,108,1
360,1260,61,1
361,0,64,1
361,360,103,1
361,480,106,1
361,720,100,1
361,1020,108,1
361,1260,64,1
362,0,67,1
362,360,101,1
362,480,106,1
362,720,102,1
362,1020,108,1
362,1260,67,1
363,0,20,1
363,360,100,1
363,480,107,1
363,720,102,1
363,1020,108,1
363,1260,20,1
364,0,7,1
364,360,102,1
364,480,105,1
364,720,102,1
364,1020,108,1
364,1260,7,1
365,0,65,1
365,360,103,1
365,480,106,1
365,720,103,1
365,1020,108,1
365,1260,65,1
366,0,10,1
366,360,103,1
366,480,106,1
366,720,101,1
366,1020,108,1
366,1260,10,1
367,0,23,1
367,360,103,1
367,480,107,1
367,720,103,1
367,1020,108,1
367,1260,23,1
368,0,8,1
368,360,102,1
368,480,107,1
368,720,102,1
368,1020,108,1
368,1260,8,1
369,0,76,1
369,360,100,1
369,480,107,1
369,720,103,1
369,1020,108,1
369,1260,76,1
370,0,8,1
370,360,100,1
370,480,106,1
370,720,104,1
370,1020,108,1
370,1260,8,1
371,0,86,1
371,360,101,1
371,480,107,1
371,720,102,1
371,1020,108,1
371,1260,86,1
372,0,30,1
372,360,102,1
372,480,105,1
372,720,100,1
372,1020,108,1
372,1260,30,1
373,0,51,1
373,360,102,1
373,480,107,1
373,720,102,1
373,1020,108,1
373,1260,51,1
374,0,15,1
374,360,102,1
374,480,106,1
374,720,104,1
374,1020,108,1
374,1260,15,1
375,0,72,1
375,360,103,1
375,480,105,1
375,720,103,1
375,1020,108,1
375,1260,72,1
376,0,31,1
376,360,102,1
376,480,106,1
376,720,100,1
376,1020,108,1
376,1260,31,1
377,0,74,1
377,360,102,1
377,480,107,1
377,720,103,1
377,1020,108,1
377,1260,74,1
378,0,76,1
378,360,102,1
378,480,107,1
378,720,100,1
378,1020,108,1
378,1260,76,1
379,0,5,1
379,360,100,1
379,480,107,1
379,720,103,1
379,1020,108,1
379,1260,5,1
380,0,79,1
380,360,102,1
380,480,107,1
380,720,101,1
380,1020,108,1
380,1260,79,1
381,0,10,1
381,360,100,1
381,480,105,1
381,720,104,1
381,1020,108,1
381,1260,10,1
382,0,53,1
382,360,103,1
382,480,105,1
382,720,101,1
382,1020,108,1
382,1260,53,1
383,0,84,1
383,360,100,1
383,480,105,1
383,720,102,1
383,1020,108,1
383,1260,84,1
384,0,74,1
384,360,102,1
384,480,106,1
384,720,104,1
384,1020,108,1
384,1260,74,1
385,0,72,1
385,360,100,1
385,480,107,1
385,720,101,1
385,1020,108,1
385,1260,72,1
386,0,66,1
386,360,103,1
386,480,106,1
386,720,102,1
386,1020,108,1
386,1260,66,1
387,0,40,1
387,360,103,1
387,480,105,1
387,720,104,1
387,1020,108,1
387,1260,40,1
388,0,33,1
388,360,101,1
388,480,107,1
388,720,102,1
388,1020,108,1
388,1260,33,1
389,0,26,1
389,360,103,1
389,480,106,1
389,720,102,1
389,1020,108,1
389,1260,26,1
390,0,85,1
390,360,101,1
390,480,105,1
390,720,100,1
390,1020,108,1
390,1260,85,1
391,0,91,1
391,360,101,1
391,480,106,1
391,720,104,1
391,1020,108,1
391,1260,91,1
392,0,40,1
392,360,103,1
392,480,107,1
392,720,100,1
392,1020,108,1
392,1260,40,1
393,0,30,1
393,360,102,1
393,480,106,1
393,720,103,1
393,1020,108,1
393,1260,30,1
394,0,33,1
394,360,101,1
394,480,107,1
394,720,102,1
394,1020,108,1
394,1260,33,1
395,0,50,1
395,360,103,1
395,480,105,1
395,720,100,1
395,1020,108,1
395,1260,50,1
396,0,16,1
396,360,101,1
396,480,105,1
396,720,103,1
396,1020,108,1
396,1260,16,1
397,0,85,1
397,360,101,1
397,480,107,1
397,720,103,1
397,1020,108,1
397,1260,85,1
398,0,82,1
398,360,100,1
398,480,107,1
398,720,102,1
398,1020,108,1
398,1260,82,1
399,0,38,1
399,360,102,1
399,480,107,1
399,720,100,1
399,1020,108,1
399,1260,38,1
400,0,58,1
400,360,104,1
400,480,107,1
400,720,102,1
400,1020,108,1
400,1260,58,1
401,0,40,1
401,360,102,1
401,480,105,1
401,720,101,1
401,1020,108,1
401,1260,40,1
402,0,96,1
402,360,102,1
402,480,107,1
402,720,101,1
402,1020,108,1
402,1260,96,1
403,0,9,1
403,360,100,1
403,480,105,1
403,720,101,1
403,1020,108,1
403,1260,9,1
404,0,1,1
404,360,101,1
404,480,106,1
404,720,100,1
404,1020,108,1
404,1260,1,1
405,0,58,1
405,360,102,1
405,480,107,1
405,720,104,1
405,1020,108,1
405,1260,58,1
406,0,79,1
406,360,102,1
406,480,106,1
406,720,104,1
406,1020,108,1
406,1260,79,1
407,0,72,1
407,360,101,1
407,480,107,1
407,720,100,1
407,1020,108,1
407,1260,72,1
408,0,12,1
408,360,100,1
408,480,106,1
408,720,103,1
408,1020,108,1
408,1260,12,1
409,0,9,1
409,360,103,1
409,480,107,1
409,720,103,1
409,1020,108,1
409,1260,9,1
410,0,68,1
410,360,103,1
410,480,107,1
410,720,100,1
410,1020,108,1
410,1260,68,1
411,0,27,1
411,360,101,1
411,480,106,1
411,720,100,1
411,1020,108,1
411,1260,27,1
412,0,64,1
412,360,103,1
412,480,106,1
412,720,104,1
412,1020,108,1
412,1260,64,1
413,0,33,1
413,360,102,1
413,480,105,1
413,720,104,1
413,1020,108,1
413,1260,33,1
414,0,16,1
414,360,104,1
414,480,105,1
414,720,101,1
414,1020,108,1
414,1260,16,1
415,0,44,1
415,360,103,1
415,480,107,1
415,720,100,1
415,1020,108,1
415,1260,44,1
416,0,8,1
416,360,100,1
416,480,107,1
416,720,101,1
416,1020,108,1
416,1260,8,1
417,0,31,1
417,360,102,1
417,480,105,1
417,720,101,1
417,1020,108,1
417,1260,31,1
418,0,47,1
418,360,102,1
418,480,107,1
418,720,101,1
418,1020,108,1
418,1260,47,1
419,0,36,1
419,360,102,1
419,480,107,1
419,720,102,1
419,1020,108,1
419,1260,36,1
420,0,20,1
420,360,100,1
420,480,106,1
420,720,101,1
420,1020,108,1
420,1260,20,1
421,0,56,1
421,360,104,1
421,480,106,1
421,720,101,1
421,1020,108,1
421,1260,56,1
422,0,69,1
422,360,102,1
422,480,107,1
422,720,104,1
422,1020,108,1
422,1260,69,1
423,0,90,1
423,360,100,1
423,480,107,1
423,720,101,1
423,1020,108,1
423,1260,90,1
424,0,38,1
424,360,104,1
424,480,107,1
424,720,101,1
424,1020,108,1
424,1260,38,1
425,0,78,1
425,360,101,1
425,480,107,1
425,720,104,1
425,1020,108,1
425,1260,78,1
426,0,83,1
426,360,104,1
426,480,106,1
426,720,104,1
426,1020,108,1
426,1260,83,1
427,0,67,1
427,360,100,1
427,480,105,1
427,720,100,1
427,1020,108,1
427,1260,67,1
428,0,1,1
428,360,100,1
428,480,107,1
428,720,104,1
428,1020,108,1
428,1260,1,1
429,0,85,1
429,360,102,1
429,480,107,1
429,720,101,1
429,1020,108,1
429,1260,85,1
430,0,70,1
430,360,104,1
430,480,106,1
430,720,104,1
430,1020,108,1
430,1260,70,1
431,0,38,1
431,360,100,1
431,480,106,1
431,720,104,1
431,1020,108,1
431,1260,38,1
432,0,84,1
432,360,102,1
432,480,107,1
432,720,102,1
432,1020,108,1
432,1260,84,1
433,0,13,1
433,360,103,1
433,480,105,1
433,720,103,1
433,1020,108,1
433,1260,13,1
434,0,17,1
434,360,102,1
434,480,106,1
434,720,100,1
434,1020,108,1
434,1260,17,1
435,0,33,1
435,360,100,1
435,480,105,1
435,720,103,1
435,1020,108,1
435,1260,33,1
436,0,14,1
436,360,103,1
436,480,106,1
436,720,103,1
436,1020,108,1
436,1260,14,1
437,0,13,1
437,360,101,1
437,480,106,1
437,720,104,1
437,1020,108,1
437,1260,13,1
438,0,95,1
438,360,101,1
438,480,106,1
438,720,102,1
438,1020,108,1
438,1260,95,1
439,0,70,1
439,360,102,1
439,480,106,1
439,720,101,1
439,1020,108,1
439,1260,70,1
440,0,19,1
440,360,102,1
440,480,107,1
440,720,104,1
440,1020,108,1
440,1260,19,1
441,0,34,1
441,360,100,1
441,480,106,1
441,720,101,1
441,1020,108,1
441,1260,34,1
442,0,36,1
442,360,103,1
442,480,105,1
442,720,102,1
442,1020,108,1
442,1260,36,1
443,0,77,1
443,360,103,1
443,480,105,1
443,720,101,1
443,1020,108,1
443,1260,77,1
444,0,26,1
444,360,100,1
444,480,105,1
444,720,102,1
444,1020,108,1
444,1260,26,1
445,0,91,1
445,360,103,1
445,480,107,1
445,720,103,1
445,1020,108,1
445,1260,91,1
446,0,43,1
446,360,101,1
446,480,105,1
446,720,102,1
446,1020,108,1
446,1260,43,1
447,0,26,1
447,360,104,1
447,480,107,1
447,720,102,1
447,1020,108,1
447,1260,26,1
448,0,87,1
448,360,101,1
448,480,105,1
448,720,103,1
448,1020,108,1
448,1260,87,1
449,0,81,1
449,360,104,1
449,480,106,1
449,720,103,1
449,1020,108,1
449,1260,81,1
450,0,33,1
450,360,102,1
450,480,106,1
450,720,100,1
450,1020,108,1
450,1260,33,1
451,0,64,1
451,360,100,1
451,480,106,1
451,720,104,1
451,1020,108,1
451,1260,64,1
452,0,62,1
452,360,103,1
452,480,105,1
452,720,101,1
452,1020,108,1
452,1260,62,1
453,0,32,1
453,360,104,1
453,480,106,1
453,720,100,1
453,1020,108,1
453,1260,32,1
454,0,6,1
454,360,100,1
454,480,106,1
454,720,103,1
454,1020,108,1
454,1260,6,1
455,0,11,1
455,360,104,1
455,480,107,1
455,720,103,1
455,1020,108,1
455,1260,11,1
456,0,81,1
456,360,102,1
456,480,107,1
456,720,100,1
456,1020,108,1
456,1260,81,1
457,0,54,1
457,360,100,1
457,480,106,1
457,720,101,1
457,1020,108,1
457,1260,54,1
458,0,35,1
458,360,102,1
458,480,107,1
458,720,102,1
458,1020,108,1
458,1260,35,1
459,0,5,1
459,360,103,1
459,480,106,1
459,720,100,1
459,1020,108,1
459,1260,5,1
460,0,0,1
460,360,103,1
460,480,105,1
460,720,104,1
460,1020,108,1
460,1260,0,1
461,0,42,1
461,360,104,1
461,480,105,1
461,720,102,1
461,1020,108,1
461,1260,42,1
462,0,98,1
462,360,104,1
462,480,106,1
462,720,100,1
462,1020,108,1
462,1260,98,1
463,0,16,1
463,360,103,1
463,480,107,1
463,720,103,1
463,1020,108,1
463,1260,16,1
464,0,81,1
464,360,104,1
464,480,106,1
464,720,104,1
464,1020,108,1
464,1260,81,1
465,0,33,1
465,360,104,1
465,480,105,1
465,720,101,1
465,1020,108,1
465,1260,33,1
466,0,20,1
466,360,100,1
466,480,106,1
466,720,102,1
466,1020,108,1
466,1260,20,1
467,0,94,1
467,360,102,1
467,480,107,1
467,720,102,1
467,1020,108,1
467,1260,94,1
468,0,56,1
468,360,101,1
468,480,105,1
468,720,104,1
468,1020,108,1
468,1260,56,1
469,0,70,1
469,360,104,1
469,480,106,1
469,720,104,1
469,1020,108,1
469,1260,70,1
470,0,90,1
470,360,100,1
470,480,105,1
470,720,100,1
470,1020,108,1
470,1260,90,1
471,0,54,1
471,360,101,1
471,480,107,1
471,720,102,1
471,1020,108,1
471,1260,54,1
472,0,71,1
472,360,103,1
472,480,107,1
472,720,103,1
472,1020,108,1
472,1260,71,1
473,0,1,1
473,360,101,1
473,480,107,1
473,720,104,1
473,1020,108,1
473,1260,1,1
474,0,14,1
474,360,101,1
474,480,106,1
474,720,104,1
474,1020,108,1
474,1260,14,1
475,0,9,1
475,360,102,1
475,480,105,1
475,720,103,1
475,1020,108,1
475,1260,9,1
476,0,88,1
476,360,104,1
476,480,107,1
476,720,102,1
476,1020,108,1
476,1260,88,1
477,0,19,1
477,360,104,1
477,480,106,1
477,720,104,1
477,1020,108,1
477,1260,19,1
478,0,69,1
478,360,104,1
478,480,107,1
478,720,103,1
478,1020,108,1
478,1260,69,1
479,0,4,1
479,360,104,1
479,480,106,1
479,720,103,1
479,1020,108,1
479,1260,4,1
480,0,47,1
480,360,100,1
480,480,106,1
480,720,102,1
480,1020,108,1
480,1260,47,1
481,0,74,1
481,360,100,1
481,480,106,1
481,720,104,1
481,1020,108,1
481,1260,74,1
482,0,70,1
482,360,102,1
482,480,107,1
482,720,100,1
482,1020,108,1
482,1260,70,1
483,0,18,1
483,360,104,1
483,480,106,1
483,720,102,1
483,1020,108,1
483,1260,18,1
484,0,55,1
484,360,104,1
484,480,107,1
484,720,101,1
484,1020,108,1
484,1260,55,1
485,0,16,1
485,360,100,1
485,480,107,1
485,720,103,1
485,1020,108,1
485,1260,16,1
486,0,5,1
486,360,101,1
486,480,107,1
486,720,104,1
486,1020,108,1
486,1260,5,1
487,0,39,1
487,360,103,1
487,480,105,1
487,720,101,1
487,1020,108,1
487,1260,39,1
488,0,46,1
488,360,100,1
488,480,107,1
488,720,100,1
488,1020,108,1
488,1260,46,1
489,0,5,1
489,360,101,1
489,480,105,1
489,720,103,1
489,1020,108,1
489,1260,5,1
490,0,45,1
490,360,102,1
490,480,106,1
490,720,101,1
490,1020,108,1
490,1260,45,1
491,0,26,1
491,360,103,1
491,480,107,1
491,720,101,1
491,1020,108,1
491,1260,26,1
492,0,87,1
492,360,103,1
492,480,107,1
492,720,104,1
492,1020,108,1
492,1260,87,1
493,0,31,1
493,360,103,1
493,480,107,1
493,720,100,1
493,1020,108,1
493,1260,31,1
494,0,85,1
494,360,101,1
494,480,107,1
494,720,101,1
494,1020,108,1
494,1260,85,1
495,0,13,1
495,360,104,1
495,480,106,1
495,720,103,1
495,1020,108,1
495,1260,13,1
496,0,45,1
496,360,104,1
496,480,106,1
496,720,102,1
496,1020,108,1
496,1260,45,1
497,0,99,1
497,360,101,1
497,480,106,1
497,720,104,1
497,1020,108,1
497,1260,99,1
498,0,71,1
498,360,102,1
498,480,107,1
498,720,102,1
498,1020,108,1
498,1260,71,1
499,0,52,1
499,360,102,1
499,480,107,1
499,720,103,1
499,1020,108,1
499,1260,52,1
500,0,79,1
500,360,101,1
500,480,105,1
500,720,102,1
500,1020,108,1
500,1260,79,1
501,0,95,1
501,360,104,1
501,480,106,1
501,720,101,1
501,1020,108,1
501,1260,95,1
502,0,19,1
502,360,102,1
502,480,106,1
502,720,101,1
502,1020,108,1
502,1260,19,1
503,0,30,1
503,360,103,1
503,480,106,1
503,720,103,1
503,1020,108,1
503,1260,30,1
504,0,20,1
504,360,102,1
504,480,107,1
504,720,102,1
504,1020,108,1
504,1260,20,1
505,0,22,1
505,360,102,1
505,480,105,1
505,720,104,1
505,1020,108,1
505,1260,22,1
506,0,52,1
506,360,104,1
506,480,106,1
506,720,103,1
506,1020,108,1
506,1260,52,1
507,0,3,1
507,360,102,1
507,480,105,1
507,720,102,1
507,1020,108,1
507,1260,3,1
508,0,22,1
508,360,100,1
508,480,106,1
508,720,100,1
508,1020,108,1
508,1260,22,1
509,0,94,1
509,360,102,1
509,480,106,1
509,720,102,1
509,1020,108,1
509,1260,94,1
510,0,42,1
510,360,103,1
510,480,105,1
510,720,101,1
510,1020,108,1
510,1260,42,1
511,0,52,1
511,360,104,1
511,480,106,1
511,720,104,1
511,1020,108,1
511,1260,52,1
512,0,85,1
512,360,102,1
512,480,105,1
512,720,100,1
512,1020,108,1
512,1260,85,1
513,0,94,1
513,360,104,1
513,480,107,1
513,720,104,1
513,1020,108,1
513,1260,94,1
514,0,31,1
514,360,101,1
514,480,105,1
514,720,100,1
514,1020,108,1
514,1260,31,1
515,0,34,1
515,360,104,1
515,480,105,1
515,720,101,1
515,1020,108,1
515,1260,34,1
516,0,20,1
516,360,100,1
516,480,105,1
516,720,103,1
516,1020,108,1
516,1260,20,1
517,0,89,1
517,360,102,1
517,480,107,1
517,720,103,1
517,1020,108,1
517,1260,89,1
518,0,13,1
518,360,100,1
518,480,107,1
518,720,101,1
518,1020,108,1
518,1260,13,1
519,0,48,1
519,360,100,1
519,480,107,1
519,720,101,1
519,1020,108,1
519,1260,48,1
520,0,4,1
520,360,103,1
520,480,107,1
520,720,103,1
520,1020,108,1
520,1260,4,1
521,0,60,1
521,360,103,1
521,480,107,1
521,720,101,1
521,1020,108,1
521,1260,60,1
522,0,28,1
522,360,102,1
522,480,106,1
522,720,102,1
522,1020,108,1
522,1260,28,1
523,0,25,1
523,360,100,1
523,480,105,1
523,720,104,1
523,1020,108,1
523,1260,25,1
524,0,58,1
524,360,101,1
524,480,107,1
524,720,100,1
524,1020,108,1
524,1260,58,1
525,0,44,1
525,360,101,1
525,480,106,1
525,720,101,1
525,1020,108,1
525,1260,44,1
526,0,39,1
526,360,100,1
526,480,106,1
526,720,103,1
526,1020,108,1
526,1260,39,1
527,0,29,1
527,360,101,1
527,480,107,1
527,720,102,1
527,1020,108,1
527,1260,29,1
528,0,28,1
528,360,100,1
528,480,105,1
528,720,102,1
528,1020,108,1
528,1260,28,1
529,0,3,1
529,360,104,1
529,480,107,1
529,720,100,1
529,1020,108,1
529,1260,3,1
530,0,84,1
530,360,102,1
530,480,106,1
530,720,103,1
530,1020,108,1
530,1260,84,1
531,0,24,1
531,360,104,1
531,480,107,1
531,720,103,1
531,1020,108,1
531,1260,24,1
532,0,51,1
532,360,101,1
532,480,107,1
532,720,103,1
532,1020,108,1
532,1260,51,1
533,0,42,1
533,360,102,1
533,480,105,1
533,720,100,1
533,1020,108,1
533,1260,42,1
534,0,35,1
534,360,102,1
534,480,105,1
534,720,103,1
534,1020,108,1
534,1260,35,1
535,0,8,1
535,360,102,1
535,480,107,1
535,720,101,1
535,1020,108,1
535,1260,8,1
536,0,98,1
536,360,100,1
536,480,107,1
536,720,102,1
536,1020,108,1
536,1260,98,1
537,0,35,1
537,360,102,1
537,480,107,1
537,720,101,1
537,1020,108,1
537,1260,35,1
538,0,44,1
538,360,101,1
538,480,107,1
538,720,103,1
538,1020,108,1
538,1260,44,1
539,0,82,1
539,360,103,1
539,480,107,1
539,720,102,1
539,1020,108,1
539,1260,82,1
540,0,65,1
540,360,100,1
540,480,106,1
540,720,100,1
540,1020,108,1
540,1260,65,1
541,0,51,1
541,360,101,1
541,480,105,1
541,720,103,1
541,1020,108,1
541,1260,51,1
542,0,86,1
542,360,102,1
542,480,105,1
542,720,100,1
542,1020,108,1
542,1260,86,1
543,0,68,1
543,360,102,1
543,480,106,1
543,720,101,1
543,1020,108,1
543,1260,68,1
544,0,42,1
544,360,103,1
544,480,106,1
544,720,102,1
544,1020,108,1
544,1260,42,1
545,0,3,1
545,360,102,1
545,480,107,1
545,720,104,1
545,1020,108,1
545,1260,3,1
546,0,14,1
546,360,100,1
546,480,106,1
546,720,102,1
546,1020,108,1
546,1260,14,1
547,0,33,1
547,360,101,1
547,480,105,1
547,720,100,1
547,1020,108,1
547,1260,33,1
548,0,22,1
548,360,103,1
548,480,106,1
548,720,101,1
548,1020,108,1
548,1260,22,1
549,0,74,1
549,360,103,1
549,480,107,1
549,720,104,1
549,1020,108,1
549,1260,74,1
550,0,33,1
550,360,102,1
550,480,107,1
550,720,100,1
550,1020,108,1
550,1260,33,1
551,0,4,1
551,360,102,1
551,480,106,1
551,720,104,1
551,1020,108,1
551,1260,4,1
552,0,13,1
552,360,101,1
552,480,105,1
552,720,101,1
552,1020,108,1
552,1260,13,1
553,0,76,1
553,360,103,1
553,480,105,1
553,720,103,1
553,1020,108,1
553,1260,76,1
554,0,55,1
554,360,104,1
554,480,106,1
554,720,103,1
554,1020,108,1
554,1260,55,1
555,0,44,1
555,360,104,1
555,480,106,1
555,720,104,1
555,1020,108,1
555,1260,44,1
556,0,93,1
556,360,101,1
556,480,105,1
556,720,104,1
556,1020,108,1
556,1260,93,1
557,0,40,1
557,360,100,1
557,480,107,1
557,720,103,1
557,1020,108,1
557,1260,40,1
558,0,55,1
558,360,104,1
558,480,107,1
558,720,102,1
558,1020,108,1
558,1260,55,1
559,0,77,1
559,360,100,1
559,480,107,1
559,720,100,1
559,1020,108,1
559,1260,77,1
560,0,65,1
560,360,100,1
560,480,107,1
560,720,104,1
560,1020,108,1
560,1260,65,1
561,0,14,1
561,360,101,1
561,480,107,1
561,720,104,1
561,1020,108,1
561,1260,14,1
562,0,49,1
562,360,101,1
562,480,105,1
562,720,102,1
562,1020,108,1
562,1260,49,1
563,0,73,1
563,360,104,1
563,480,106,1
563,720,100,1
563,1020,108,1
563,1260,73,1
564,0,24,1
564,360,101,1
564,480,107,1
564,720,104,1
564,1020,108,1
564,1260,24,1
565,0,32,1
565,360,103,1
565,480,105,1
565,720,104,1
565,1020,108,1
565,1260,32,1
566,0,5,1
566,360,103,1
566,480,105,1
566,720,103,1
566,1020,108,1
566,1260,5,1
567,0,90,1
567,360,101,1
567,480,107,1
567,720,103,1
567,1020,108,1
567,1260,90,1
568,0,55,1
568,360,103,1
568,480,107,1
568,720,100,1
568,1020,108,1
568,1260,55,1
569,0,0,1
569,360,104,1
569,480,106,1
569,720,102,1
569,1020,108,1
569,1260,0,1
570,0,66,1
570,360,100,1
570,480,106,1
570,720,102,1
570,1020,108,1
570,1260,66,1
571,0,68,1
571,360,100,1
571,480,107,1
571,720,101,1
571,1020,108,1
571,1260,68,1
572,0,87,1
572,360,104,1
572,480,105,1
572,720,100,1
572,1020,108,1
572,1260,87,1
573,0,92,1
573,360,103,1
573,480,106,1
573,720,100,1
573,1020,108,1
573,1260,92,1
574,0,94,1
574,360,104,1
574,480,105,1
574,720,100,1
574,1020,108,1
574,1260,94,1
575,0,94,1
575,360,103,1
575,480,105,1
575,720,102,1
575,1020,108,1
575,1260,94,1
576,0,85,1
576,360,103,1
576,480,105,1
576,720,101,1
576,1020,108,1
576,1260,85,1
577,0,25,1
577,360,103,1
577,480,106,1
577,720,103,1
577,1020,108,1
577,1260,25,1
578,0,46,1
578,360,103,1
578,480,106,1
578,720,103,1
578,1020,108,1
578,1260,46,1
579,0,55,1
579,360,100,1
579,480,107,1
579,720,104,1
579,1020,108,1
579,1260,55,1
580,0,8,1
580,360,101,1
580,480,107,1
580,720,102,1
580,1020,108,1
580,1260,8,1
581,0,85,1
581,360,100,1
581,480,105,1
581,720,104,1
581,1020,108,1
581,1260,85,1
582,0,42,1
582,360,103,1
582,480,107,1
582,720,101,1
582,1020,108,1
582,1260,42,1
583,0,79,1
583,360,101,1
583,480,105,1
583,720,100,1
583,1020,108,1
583,1260,79,1
584,0,40,1
584,360,102,1
584,480,106,1
584,720,104,1
584,1020,108,1
584,1260,40,1
585,0,84,1
585,360,103,1
585,480,107,1
585,720,103,1
585,1020,108,1
585,1260,84,1
586,0,15,1
586,360,101,1
586,480,105,1
586,720,103,1
586,1020,108,1
586,1260,15,1
587,0,92,1
587,360,102,1
587,480,105,1
587,720,102,1
587,1020,108,1
587,1260,92,1
588,0,38,1
588,360,101,1
588,480,107,1
588,720,100,1
588,1020,108,1
588,1260,38,1
589,0,64,1
589,360,100,1
589,480,107,1
589,720,103,1
589,1020,108,1
589,1260,64,1
590,0,39,1
590,360,104,1
590,480,105,1
590,720,101,1
590,1020,108,1
590,1260,39,1
591,0,85,1
591,360,101,1
591,480,105,1
591,720,100,1
591,1020,108,1
591,1260,85,1
592,0,52,1
592,360,104,1
592,480,105,1
592,720,103,1
592,1020,108,1
592,1260,52,1
593,0,41,1
593,360,104,1
593,480,107,1
593,720,100,1
593,1020,108,1
593,1260,41,1
594,0,51,1
594,360,101,1
594,480,107,1
594,720,100,1
594,1020,108,1
594,1260,51,1
595,0,89,1
595,360,103,1
595,480,106,1
595,720,101,1
595,1020,108,1
595,1260,89,1
596,0,37,1
596,360,104,1
596,480,105,1
596,720,100,1
596,1020,108,1
596,1260,37,1
597,0,70,1
597,360,101,1
597,480,107,1
597,720,102,1
597,1020,108,1
597,1260,70,1
598,0,16,1
598,360,101,1
598,480,107,1
598,720,104,1
598,1020,108,1
598,1260,16,1
599,0,24,1
599,360,102,1
599,480,107,1
599,720,104,1
599,1020,108,1
599,1260,24,1
600,0,53,1
600,360,102,1
600,480,105,1
600,720,102,1
600,1020,108,1
600,1260,53,1
601,0,85,1
601,360,101,1
601,480,107,1
601,720,104,1
601,1020,108,1
601,1260,85,1
602,0,48,1
602,360,101,1
602,480,106,1
602,720,102,1
602,1020,108,1
602,1260,48,1
603,0,86,1
603,360,102,1
603,480,105,1
603,720,104,1
603,1020,108,1
603,1260,86,1
604,0,95,1
604,360,104,1
604,480,107,1
604,720,101,1
604,1020,108,1
604,1260,95,1
605,0,22,1
605,360,103,1
605,480,107,1
605,720,103,1
605,1020,108,1
605,1260,22,1
606,0,78,1
606,360,100,1
606,480,106,1
606,720,103,1
606,1020,108,1
606,1260,78,1
607,0,72,1
607,360,104,1
607,480,106,1
607,720,103,1
607,1020,108,1
607,1260,72,1
608,0,38,1
608,360,103,1
608,480,105,1
608,720,102,1
608,1020,108,1
608,1260,38,1
609,0,51,1
609,360,103,1
609,480,105,1
609,720,104,1
609,1020,108,1
609,1260,51,1
610,0,70,1
610,360,103,1
610,480,105,1
610,720,101,1
610,1020,108,1
610,1260,70,1
611,0,0,1
611,360,102,1
611,480,107,1
611,720,101,1
611,1020,108,1
611,1260,0,1
612,0,38,1
612,360,103,1
612,480,105,1
612,720,104,1
612,1020,108,1
612,1260,38,1
613,0,36,1
613,360,103,1
613,480,106,1
613,720,104,1
613,1020,108,1
613,1260,36,1
614,0,26,1
614,360,104,1
614,480,105,1
614,720,103,1
614,1020,108,1
614,1260,26,1
615,0,55,1
615,360,101,1
615,480,106,1
615,720,101,1
615,1020,108,1
615,1260,55,1
616,0,74,1
616,360,102,1
616,480,107,1
616,720,100,1
616,1020,108,1
616,1260,74,1
617,0,77,1
617,360,103,1
617,480,106,1
617,720,100,1
617,1020,108,1
617,1260,77,1
618,0,83,1
618,360,104,1
618,480,107,1
618,720,101,1
618,1020,108,1
618,1260,83,1
619,0,41,1
619,360,100,1
619,480,106,1
619,720,103,1
619,1020,108,1
619,1260,41,1
620,0,59,1
620,360,104,1
620,480,107,1
620,720,100,1
620,1020,108,1
620,1260,59,1
621,0,56,1
621,360,100,1
621,480,105,1
621,720,104,1
621,1020,108,1
621,1260,56,1
622,0,56,1
622,360,104,1
622,480,105,1
622,720,103,1
622,1020,108,1
622,1260,56,1
623,0,86,1
623,360,101,1
623,480,106,1
623,720,102,1
623,1020,108,1
623,1260,86,1
624,0,27,1
624,360,100,1
624,480,105,1
624,720,101,1
624,1020,108,1
624,1260,27,1
625,0,65,1
625,360,100,1
625,480,107,1
625,720,103,1
625,1020,108,1
625,1260,65,1
626,0,60,1
626,360,101,1
626,480,107,1
626,720,104,1
626,1020,108,1
626,1260,60,1
627,0,94,1
627,360,101,1
627,480,106,1
627,720,101,1
627,1020,108,1
627,1260,94,1
628,0,21,1
628,360,104,1
628,480,106,1
628,720,102,1
628,1020,108,1
628,1260,21,1
629,0,84,1
629,360,103,1
629,480,106,1
629,720,104,1
629,1020,108,1
629,1260,84,1
630,0,10,1
630,360,102,1
630,480,106,1
630,720,102,1
630,1020,108,1
630,1260,10,1
631,0,36,1
631,360,102,1
631,480,107,1
631,720,103,1
631,1020,108,1
631,1260,36,1
632,0,65,1
632,360,103,1
632,480,105,1
632,720,103,1
632,1020,108,1
632,1260,65,1
633,0,84,1
633,360,102,1
633,480,105,1
633,720,102,1
633,1020,108,1
633,1260,84,1
634,0,81,1
634,360,102,1
634,480,106,1
634,720,100,1
634,1020,108,1
634,1260,81,1
635,0,79,1
635,360,104,1
635,480,105,1
635,720,101,1
635,1020,108,1
635,1260,79,1
636,0,42,1
636,360,100,1
636,480,106,1
636,720,104,1
636,1020,108,1
636,1260,42,1
637,0,11,1
637,360,104,1
637,480,107,1
637,720,103,1
637,1020,108,1
637,1260,11,1
638,0,96,1
638,360,102,1
638,480,105,1
638,720,101,1
638,1020,108,1
638,1260,96,1
639,0,30,1
639,360,102,1
639,480,105,1
639,720,103,1
639,1020,108,1
639,1260,30,1
640,0,86,1
640,360,104,1
640,480,105,1
640,720,103,1
640,1020,108,1
640,1260,86,1
641,0,39,1
641,360,104,1
641,480,107,1
641,720,102,1
641,1020,108,1
641,1260,39,1
642,0,28,1
642,360,102,1
642,480,106,1
642,720,103,1
642,1020,108,1
642,1260,28,1
643,0,25,1
643,360,103,1
643,480,105,1
643,720,102,1
643,1020,108,1
643,1260,25,1
644,0,18,1
644,360,101,1
644,480,105,1
644,720,104,1
644,1020,108,1
644,1260,18,1
645,0,3,1
645,360,103,1
645,480,105,1
645,720,104,1
645,1020,108,1
645,1260,3,1
646,0,5,1
646,360,100,1
646,480,107,1
646,720,100,1
646,1020,108,1
646,1260,5,1
647,0,31,1
647,360,100,1
647,480,107,1
647,720,100,1
647,1020,108,1
647,1260,31,1
648,0,60,1
648,360,100,1
648,480,106,1
648,720,101,1
648,1020,108,1
648,1260,60,1
649,0,78,1
649,360,101,1
649,480,105,1
649,720,101,1
649,1020,108,1
649,1260,78,1
650,0,98,1
650,360,100,1
650,480,105,1
650,720,104,1
650,1020,108,1
650,1260,98,1
651,0,9,1
651,360,103,1
651,480,106,1
651,720,100,1
651,1020,108,1
651,1260,9,1
652,0,58,1
652,360,104,1
652,480,107,1
652,720,104,1
652,1020,108,1
652,1260,58,1
653,0,53,1
653,360,103,1
653,480,107,1
653,720,103,1
653,1020,108,1
653,1260,53,1
654,0,80,1
654,360,100,1
654,480,105,1
654,720,104,1
654,1020,108,1
654,1260,80,1
655,0,73,1
655,360,104,1
655,480,106,1
655,720,100,1
655,1020,108,1
655,1260,73,1
656,0,24,1
656,360,100,1
656,480,107,1
656,720,102,1
656,1020,108,1
656,1260,24,1
657,0,91,1
657,360,104,1
657,480,106,1
657,720,100,1
657,1020,108,1
657,1260,91,1
658,0,89,1
658,360,104,1
658,480,107,1
658,720,103,1
658,1020,108,1
658,1260,89,1
659,0,49,1
659,360,101,1
659,480,105,1
659,720,100,1
659,1020,108,1
659,1260,49,1
660,0,63,1
660,360,104,1
660,480,105,1
660,720,101,1
660,1020,108,1
660,1260,63,1
661,0,51,1
661,360,101,1
661,480,107,1
661,720,104,1
661,1020,108,1
661,1260,51,1
662,0,31,1
662,360,102,1
662,480,106,1
662,720,102,1
662,1020,108,1
662,1260,31,1
663,0,18,1
663,360,103,1
663,480,105,1
663,720,102,1
663,1020,108,1
663,1260,18,1
664,0,83,1
664,360,103,1
664,480,106,1
664,720,104,1
664,1020,108,1
664,1260,83,1
665,0,88,1
665,360,101,1
665,480,107,1
665,720,101,1
665,1020,108,1
665,1260,88,1
666,0,0,1
666,360,102,1
666,480,107,1
666,720,100,1
666,1020,108,1
666,1260,0,1
667,0,96,1
667,360,100,1
667,480,105,1
667,720,103,1
667,1020,108,1
667,1260,96,1
668,0,98,1
668,360,103,1
668,480,106,1
668,720,104,1
668,1020,108,1
668,1260,98,1
669,0,13,1
669,360,103,1
669,480,105,1
669,720,100,1
669,1020,108,1
669,1260,13,1
670,0,99,1
670,360,101,1
670,480,105,1
670,720,103,1
670,1020,108,1
670,1260,99,1
671,0,54,1
671,360,103,1
671,480,107,1
671,720,102,1
671,1020,108,1
671,1260,54,1
672,0,28,1
672,360,104,1
672,480,105,1
672,720,104,1
672,1020,108,1
672,1260,28,1
673,0,22,1
673,360,100,1
673,480,105,1
673,720,101,1
673,1020,108,1
673,1260,22,1
674,0,89,1
674,360,104,1
674,480,106,1
674,720,102,1
674,1020,108,1
674,1260,89,1
675,0,66,1
675,360,100,1
675,480,105,1
675,720,102,1
675,1020,108,1
675,1260,66,1
676,0,59,1
676,360,104,1
676,480,107,1
676,720,100,1
676,1020,108,1
676,1260,59,1
677,0,6,1
677,360,101,1
677,480,106,1
677,720,100,1
677,1020,108,1
677,1260,6,1
678,0,71,1
678,360,101,1
678,480,107,1
678,720,101,1
678,1020,108,1
678,1260,71,1
679,0,31,1
679,360,103,1
679,480,105,1
679,720,102,1
679,1020,108,1
679,1260,31,1
680,0,15,1
680,360,101,1
680,480,107,1
680,720,101,1
680,1020,108,1
680,1260,15,1
681,0,58,1
681,360,104,1
681,480,106,1
681,720,104,1
681,1020,108,1
681,1260,58,1
682,0,17,1
682,360,102,1
682,480,106,1
682,720,101,1
682,1020,108,1
682,1260,17,1
683,0,59,1
683,360,100,1
683,480,107,1
683,720,102,1
683,1020,108,1
683,1260,59,1
684,0,85,1
684,360,100,1
684,480,105,1
684,720,103,1
684,1020,108,1
684,1260,85,1
685,0,67,1
685,360,101,1
685,480,105,1
685,720,102,1
685,1020,108,1
685,1260,67,1
686,0,71,1
686,360,104,1
686,480,107,1
686,720,104,1
686,1020,108,1
686,1260,71,1
687,0,76,1
687,360,103,1
687,480,106,1
687,720,100,1
687,1020,108,1
687,1260,76,1
688,0,40,1
688,360,102,1
688,480,106,1
688,720,103,1
688,1020,108,1
688,1260,40,1
689,0,96,1
689,360,101,1
689,480,106,1
689,720,104,1
689,1020,108,1
689,1260,96,1
690,0,56,1
690,360,103,1
690,480,106,1
690,720,101,1
690,1020,108,1
690,1260,56,1
691,0,78,1
691,360,104,1
691,480,107,1
691,720,103,1
691,1020,108,1
691,1260,78,1
692,0,92,1
692,360,100,1
692,480,107,1
692,720,102,1
692,1020,108,1
692,1260,92,1
693,0,64,1
693,360,101,1
693,480,107,1
693,720,100,1
693,1020,108,1
693,1260,64,1
694,0,54,1
694,360,100,1
694,480,106,1
694,720,101,1
694,1020,108,1
694,1260,54,1
695,0,70,1
695,360,103,1
695,480,107,1
695,720,101,1
695,1020,108,1
695,1260,70,1
696,0,57,1
696,360,103,1
696,480,106,1
696,720,102,1
696,1020,108,1
696,1260,57,1
697,0,20,1
697,360,100,1
697,480,105,1
697,720,100,1
697,1020,108,1
697,1260,20,1
698,0,95,1
698,360,102,1
698,480,106,1
698,720,102,1
698,1020,108,1
698,1260,95,1
699,0,60,1
699,360,102,1
699,480,105,1
699,720,101,1
699,1020,108,1
699,1260,60,1
700,0,57,1
700,360,100,1
700,480,105,1
700,720,103,1
700,1020,108,1
700,1260,57,1
701,0,33,1
701,360,103,1
701,480,107,1
701,720,104,1
701,1020,108,1
701,1260,33,1
702,0,96,1
702,360,104,1
702,480,106,1
702,720,100,1
702,1020,108,1
702,1260,96,1
703,0,31,1
703,360,100,1
703,480,105,1
703,720,102,1
703,1020,108,1
703,1260,31,1
704,0,81,1
704,360,104,1
704,480,105,1
704,720,104,1
704,1020,108,1
704,1260,81,1
705,0,35,1
705,360,104,1
705,480,106,1
705,720,103,1
705,1020,108,1
705,1260,35,1
706,0,98,1
706,360,100,1
706,480,106,1
706,720,103,1
706,1020,108,1
706,1260,98,1
707,0,99,1
707,360,103,1
707,480,105,1
707,720,104,1
707,1020,108,1
707,1260,99,1
708,0,66,1
708,360,101,1
708,480,107,1
708,720,104,1
708,1020,108,1
708,1260,66,1
709,0,62,1
709,360,101,1
709,480,107,1
709,720,103,1
709,1020,108,1
709,1260,62,1
710,0,80,1
710,360,101,1
710,480,105,1
710,720,102,1
710,1020,108,1
710,1260,80,1
711,0,30,1
711,360,102,1
711,480,106,1
711,720,103,1
711,1020,108,1
711,1260,30,1
712,0,35,1
712,360,101,1
712,480,105,1
712,720,101,1
712,1020,108,1
712,1260,35,1
713,0,56,1
713,360,103,1
713,480,106,1
713,720,103,1
713,1020,108,1
713,1260,56,1
714,0,9,1
714,360,102,1
714,480,106,1
714,720,100,1
714,1020,108,1
714,1260,9,1
715,0,91,1
715,360,102,1
715,480,106,1
715,720,101,1
715,1020,108,1
715,1260,91,1
716,0,36,1
716,360,103,1
716,480,107,1
716,720,104,1
716,1020,108,1
716,1260,36,1
717,0,30,1
717,360,101,1
717,480,106,1
717,720,100,1
717,1020,108,1
717,1260,30,1
718,0,34,1
718,360,101,1
718,480,106,1
718,720,100,1
718,1020,108,1
718,1260,34,1
719,0,42,1
719,360,103,1
719,480,106,1
719,720,104,1
719,1020,108,1
719,1260,42,1
720,0,40,1
720,360,103,1
720,480,106,1
720,720,103,1
720,1020,108,1
720,1260,40,1
721,0,69,1
721,360,102,1
721,480,106,1
721,720,104,1
721,1020,108,1
721,1260,69,1
722,0,10,1
722,360,101,1
722,480,106,1
722,720,102,1
722,1020,108,1
722,1260,10,1
723,0,17,1
723,360,104,1
723,480,107,1
723,720,101,1
723,1020,108,1
723,1260,17,1
724,0,19,1
724,360,103,1
724,480,106,1
724,720,101,1
724,1020,108,1
724,1260,19,1
725,0,29,1
725,360,103,1
725,480,106,1
725,720,102,1
725,1020,108,1
725,1260,29,1
726,0,49,1
726,360,103,1
726,480,107,1
726,720,101,1
726,1020,108,1
726,1260,49,1
727,0,88,1
727,360,102,1
727,480,106,1
727,720,102,1
727,1020,108,1
727,1260,88,1
728,0,19,1
728,360,103,1
728,480,106,1
728,720,100,1
728,1020,108,1
728,1260,19,1
729,0,90,1
729,360,104,1
729,480,105,1
729,720,104,1
729,1020,108,1
729,1260,90,1
730,0,27,1
730,360,104,1
730,480,105,1
730,720,104,1
730,1020,108,1
730,1260,27,1
731,0,8,1
731,360,100,1
731,480,107,1
731,720,103,1
731,1020,108,1
731,1260,8,1
732,0,53,1
732,360,101,1
732,480,106,1
732,720,102,1
732,1020,108,1
732,1260,53,1
733,0,52,1
733,360,100,1
733,480,106,1
733,720,103,1
733,1020,108,1
733,1260,52,1
734,0,42,1
734,360,101,1
734,480,107,1
734,720,102,1
734,1020,108,1
734,1260,42,1
735,0,69,1
735,360,101,1
735,480,106,1
735,720,101,1
735,1020,108,1
735,1260,69,1
736,0,59,1
736,360,103,1
736,480,106,1
736,720,100,1
736,1020,108,1
736,1260,59,1
737,0,53,1
737,360,103,1
737,480,107,1
737,720,103,1
737,1020,108,1
737,1260,53,1
738,0,7,1
738,360,104,1
738,480,106,1
738,720,104,1
738,1020,108,1
738,1260,7,1
739,0,26,1
739,360,104,1
739,480,107,1
739,720,103,1
739,1020,108,1
739,1260,26,1
740,0,53,1
740,360,104,1
740,480,105,1
740,720,102,1
740,1020,108,1
740,1260,53,1
741,0,49,1
741,360,104,1
741,480,107,1
741,720,100,1
741,1020,108,1
741,1260,49,1
742,0,98,1
742,360,100,1
742,480,105,1
742,720,102,1
742,1020,108,1
742,1260,98,1
743,0,74,1
743,360,101,1
743,480,107,1
743,720,104,1
743,1020,108,1
743,1260,74,1
744,0,89,1
744,360,100,1
744,480,107,1
744,720,103,1
744,1020,108,1
744,1260,89,1
745,0,2,1
745,360,102,1
745,480,106,1
745,720,100,1
745,1020,108,1
745,1260,2,1
746,0,97,1
746,360,100,1
746,480,105,1
746,720,102,1
746,1020,108,1
746,1260,97,1
747,0,73,1
747,360,101,1
747,480,107,1
747,720,104,1
747,1020,108,1
747,1260,73,1
748,0,48,1
748,360,104,1
748,480,107,1
748,720,104,1
748,1020,108,1
748,1260,48,1
749,0,61,1
749,360,101,1
749,480,106,1
749,720,102,1
749,1020,108,1
749,1260,61,1
750,0,0,1
750,360,103,1
750,480,106,1
750,720,104,1
750,1020,108,1
750,1260,0,1
751,0,45,1
751,360,104,1
751,480,105,1
751,720,102,1
751,1020,108,1
751,1260,45,1
752,0,38,1
752,360,100,1
752,480,106,1
752,720,100,1
752,1020,108,1
752,1260,38,1
753,0,96,1
753,360,102,1
753,480,106,1
753,720,100,1
753,1020,108,1
753,1260,96,1
754,0,49,1
754,360,100,1
754,480,107,1
754,720,101,1
754,1020,108,1
754,1260,49,1
755,0,53,1
755,360,102,1
755,480,106,1
755,720,102,1
755,1020,108,1
755,1260,53,1
756,0,68,1
756,360,103,1
756,480,105,1
756,720,104,1
756,1020,108,1
756,1260,68,1
757,0,95,1
757,360,103,1
757,480,106,1
757,720,103,1
757,1020,108,1
757,1260,95,1
758,0,94,1
758,360,100,1
758,480,106,1
758,720,103,1
758,1020,108,1
758,1260,94,1
759,0,69,1
759,360,102,1
759,480,105,1
759,720,102,1
759,1020,108,1
759,1260,69,1
760,0,77,1
760,360,100,1
760,480,107,1
760,720,100,1
760,1020,108,1
760,1260,77,1
761,0,28,1
761,360,100,1
761,480,106,1
761,720,100,1
761,1020,108,1
761,1260,28,1
762,0,62,1
762,360,101,1
762,480,107,1
762,720,101,1
762,1020,108,1
762,1260,62,1
763,0,28,1
763,360,104,1
763,480,105,1
763,720,104,1
763,1020,108,1
763,1260,28,1
764,0,34,1
764,360,101,1
764,480,106,1
764,720,104,1
764,1020,108,1
764,1260,34,1
765,0,55,1
765,360,103,1
765,480,106,1
765,720,101,1
765,1020,108,1
765,1260,55,1
766,0,62,1
766,360,103,1
766,480,107,1
766,720,101,1
766,1020,108,1
766,1260,62,1
767,0,3,1
767,360,101,1
767,480,107,1
767,720,103,1
767,1020,108,1
767,1260,3,1
768,0,49,1
768,360,103,1
768,480,105,1
768,720,104,1
768,1020,108,1
768,1260,49,1
769,0,43,1
769,360,101,1
769,480,106,1
769,720,104,1
769,1020,108,1
769,1260,43,1
770,0,85,1
770,360,103,1
770,480,106,1
770,720,100,1
770,1020,108,1
770,1260,85,1
771,0,86,1
771,360,101,1
771,480,105,1
771,720,102,1
771,1020,108,1
771,1260,86,1
772,0,51,1
772,360,100,1
772,480,107,1
772,720,100,1
772,1020,108,1
772,1260,51,1
773,0,92,1
773,360,104,1
773,480,105,1
773,720,102,1
773,1020,108,1
773,1260,92,1
774,0,21,1
774,360,102,1
774,480,105,1
774,720,103,1
774,1020,108,1
774,1260,21,1
775,0,59,1
775,360,100,1
775,480,106,1
775,720,103,1
775,1020,108,1
775,1260,59,1
776,0,16,1
776,360,104,1
776,480,107,1
776,720,102,1
776,1020,108,1
776,1260,16,1
777,0,79,1
777,360,104,1
777,480,106,1
777,720,104,1
777,1020,108,1
777,1260,79,1
778,0,68,1
778,360,103,1
778,480,107,1
778,720,100,1
778,1020,108,1
778,1260,68,1
779,0,3,1
779,360,102,1
779,480,106,1
779,720,103,1
779,1020,108,1
779,1260,3,1
780,0,50,1
780,360,104,1
780,480,105,1
780,720,102,1
780,1020,108,1
780,1260,50,1
781,0,75,1
781,360,104,1
781,480,107,1
781,720,100,1
781,1020,108,1
781,1260,75,1
782,0,72,1
782,360,101,1
782,480,106,1
782,720,100,1
782,1020,108,1
782,1260,72,1
783,0,84,1
783,360,101,1
783,480,106,1
783,720,100,1
783,1020,108,1
783,1260,84,1
784,0,3,1
784,360,101,1
784,480,106,1
784,720,101,1
784,1020,108,1
784,1260,3,1
785,0,10,1
785,360,104,1
785,480,106,1
785,720,103,1
785,1020,108,1
785,1260,10,1
786,0,82,1
786,360,104,1
786,480,105,1
786,720,104,1
786,1020,108,1
786,1260,82,1
787,0,54,1
787,360,103,1
787,480,106,1
787,720,101,1
787,1020,108,1
787,1260,54,1
788,0,17,1
788,360,103,1
788,480,107,1
788,720,104,1
788,1020,108,1
788,1260,17,1
789,0,59,1
789,360,101,1
789,480,107,1
789,720,101,1
789,1020,108,1
789,1260,59,1
790,0,23,1
790,360,103,1
790,480,106,1
790,720,101,1
790,1020,108,1
790,1260,23,1
791,0,6,1
791,360,101,1
791,480,106,1
791,720,103,1
791,1020,108,1
791,1260,6,1
792,0,33,1
792,360,104,1
792,480,105,1
792,720,102,1
792,1020,108,1
792,1260,33,1
793,0,48,1
793,360,100,1
793,480,106,1
793,720,101,1
793,1020,108,1
793,1260,48,1
794,0,41,1
794,360,101,1
794,480,106,1
794,720,104,1
794,1020,108,1
794,1260,41,1
795,0,27,1
795,360,104,1
795,480,107,1
795,720,103,1
795,1020,108,1
795,1260,27,1
796,0,58,1
796,360,103,1
796,480,107,1
796,720,103,1
796,1020,108,1
796,1260,58,1
797,0,41,1
797,360,103,1
797,480,107,1
797,720,103,1
797,1020,108,1
797,1260,41,1
798,0,43,1
798,360,103,1
798,480,105,1
798,720,100,1
798,1020,108,1
798,1260,43,1
799,0,97,1
799,360,104,1
799,480,105,1
799,720,101,1
799,1020,108,1
799,1260,97,1
800,0,48,1
800,360,102,1
800,480,105,1
800,720,102,1
800,1020,108,1
800,1260,48,1
801,0,35,1
801,360,101,1
801,480,107,1
801,720,102,1
801,1020,108,1
801,1260,35,1
802,0,96,1
802,360,101,1
802,480,106,1
802,720,104,1
802,1020,108,1
802,1260,96,1
803,0,53,1
803,360,103,1
803,480,107,1
803,720,104,1
803,1020,108,1
803,1260,53,1
804,0,32,1
804,360,100,1
804,480,107,1
804,720,100,1
804,1020,108,1
804,1260,32,1
805,0,10,1
805,360,102,1
805,480,107,1
805,720,102,1
805,1020,108,1
805,1260,10,1
806,0,60,1
806,360,104,1
806,480,105,1
806,720,103,1
806,1020,108,1
806,1260,60,1
807,0,2,1
807,360,104,1
807,480,105,1
807,720,103,1
807,1020,108,1
807,1260,2,1
808,0,95,1
808,360,100,1
808,480,107,1
808,720,101,1
808,1020,108,1
808,1260,95,1
809,0,69,1
809,360,102,1
809,480,105,1
809,720,103,1
809,1020,108,1
809,1260,69,1
810,0,6,1
810,360,102,1
810,480,106,1
810,720,100,1
810,1020,108,1
810,1260,6,1
811,0,44,1
811,360,103,1
811,480,105,1
811,720,101,1
811,1020,108,1
811,1260,44,1
812,0,28,1
812,360,101,1
812,480,107,1
812,720,104,1
812,1020,108,1
812,1260,28,1
813,0,83,1
813,360,102,1
813,480,107,1
813,720,104,1
813,1020,108,1
813,1260,83,1
814,0,8,1
814,360,103,1
814,480,105,1
814,720,104,1
814,1020,108,1
814,1260,8,1
815,0,99,1
815,360,101,1
815,480,105,1
815,720,101,1
815,1020,108,1
815,1260,99,1
816,0,83,1
816,360,100,1
816,480,107,1
816,720,102,1
816,1020,108,1
816,1260,83,1
817,0,5,1
817,360,104,1
817,480,106,1
817,720,104,1
817,1020,108,1
817,1260,5,1
818,0,96,1
818,360,104,1
818,480,105,1
818,720,102,1
818,1020,108,1
818,1260,96,1
819,0,3,1
819,360,102,1
819,480,106,1
819,720,104,1
819,1020,108,1
819,1260,3,1
820,0,31,1
820,360,102,1
820,480,107,1
820,720,100,1
820,1020,108,1
820,1260,31,1
821,0,25,1
821,360,101,1
821,480,106,1
821,720,100,1
821,1020,108,1
821,1260,25,1
822,0,2,1
822,360,102,1
822,480,107,1
822,720,101,1
822,1020,108,1
822,1260,2,1
823,0,79,1
823,360,101,1
823,480,105,1
823,720,101,1
823,1020,108,1
823,1260,79,1
824,0,19,1
824,360,102,1
824,480,105,1
824,720,103,1
824,1020,108,1
824,1260,19,1
825,0,30,1
825,360,103,1
825,480,105,1
825,720,104,1
825,1020,108,1
825,1260,30,1
826,0,16,1
826,360,102,1
826,480,107,1
826,720,103,1
826,1020,108,1
826,1260,16,1
827,0,60,1
827,360,103,1
827,480,106,1
827,720,100,1
827,1020,108,1
827,1260,60,1
828,0,85,1
828,360,100,1
828,480,106,1
828,720,104,1
828,1020,108,1
828,1260,85,1
829,0,14,1
829,360,102,1
829,480,107,1
829,720,102,1
829,1020,108,1
829,1260,14,1
830,0,72,1
830,360,103,1
830,480,106,1
830,720,102,1
830,1020,108,1
830,1260,72,1
831,0,27,1
831,360,104,1
831,480,105,1
831,720,100,1
831,1020,108,1
831,1260,27,1
832,0,59,1
832,360,103,1
832,480,107,1
832,720,102,1
832,1020,108,1
832,1260,59,1
833,0,89,1
833,360,100,1
833,480,107,1
833,720,103,1
833,1020,108,1
833,1260,89,1
834,0,32,1
834,360,101,1
834,480,106,1
834,720,101,1
834,1020,108,1
834,1260,32,1
835,0,98,1
835,360,103,1
835,480,106,1
835,720,102,1
835,1020,108,1
835,1260,98,1
836,0,47,1
836,360,102,1
836,480,106,1
836,720,104,1
836,1020,108,1
836,1260,47,1
837,0,21,1
837,360,104,1
837,480,105,1
837,720,104,1
837,1020,108,1
837,1260,21,1
838,0,77,1
838,360,103,1
838,480,106,1
838,720,100,1
838,1020,108,1
838,1260,77,1
839,0,77,1
839,360,100,1
839,480,105,1
839,720,103,1
839,1020,108,1
839,1260,77,1
840,0,95,1
840,360,100,1
840,480,105,1
840,720,101,1
840,1020,108,1
840,1260,95,1
841,0,91,1
841,360,103,1
841,480,106,1
841,720,100,1
841,1020,108,1
841,1260,91,1
842,0,14,1
842,360,103,1
842,480,105,1
842,720,101,1
842,1020,108,1
842,1260,14,1
843,0,99,1
843,360,102,1
843,480,105,1
843,720,102,1
843,1020,108,1
843,1260,99,1
844,0,20,1
844,360,100,1
844,480,107,1
844,720,102,1
844,1020,108,1
844,1260,20,1
845,0,39,1
845,360,102,1
845,480,105,1
845,720,102,1
845,1020,108,1
845,1260,39,1
846,0,13,1
846,360,101,1
846,480,105,1
846,720,103,1
846,1020,108,1
846,1260,13,1
847,0,74,1
847,360,102,1
847,480,107,1
847,720,101,1
847,1020,108,1
847,1260,74,1
848,0,3,1
848,360,103,1
848,480,107,1
848,720,100,1
848,1020,108,1
848,1260,3,1
849,0,39,1
849,360,100,1
849,480,105,1
849,720,101,1
849,1020,108,1
849,1260,39,1
850,0,73,1
850,360,103,1
850,480,105,1
850,720,101,1
850,1020,108,1
850,1260,73,1
851,0,86,1
851,360,104,1
851,480,105,1
851,720,104,1
851,1020,108,1
851,1260,86,1
852,0,48,1
852,360,103,1
852,480,105,1
852,720,100,1
852,1020,108,1
852,1260,48,1
853,0,50,1
853,360,102,1
853,480,105,1
853,720,103,1
853,1020,108,1
853,1260,50,1
854,0,91,1
854,360,101,1
854,480,106,1
854,720,100,1
854,1020,108,1
854,1260,91,1
855,0,25,1
855,360,101,1
855,480,106,1
855,720,100,1
855,1020,108,1
855,1260,25,1
856,0,9,1
856,360,100,1
856,480,105,1
856,720,102,1
856,1020,108,1
856,1260,9,1
857,0,75,1
857,360,102,1
857,480,106,1
857,720,101,1
857,1020,108,1
857,1260,75,1
858,0,88,1
858,360,103,1
858,480,105,1
858,720,101,1
858,1020,108,1
858,1260,88,1
859,0,80,1
859,360,100,1
859,480,107,1
859,720,104,1
859,1020,108,1
859,1260,80,1
860,0,31,1
860,360,100,1
860,480,107,1
860,720,101,1
860,1020,108,1
860,1260,31,1
861,0,13,1
861,360,103,1
861,480,106,1
861,720,101,1
861,1020,108,1
861,1260,13,1
862,0,89,1
862,360,101,1
862,480,106,1
862,720,104,1
862,1020,108,1
862,1260,89,1
863,0,98,1
863,360,103,1
863,480,105,1
863,720,100,1
863,1020,108,1
863,1260,98,1
864,0,38,1
864,360,100,1
864,480,105,1
864,720,100,1
864,1020,108,1
864,1260,38,1
865,0,87,1
865,360,104,1
865,480,107,1
865,720,103,1
865,1020,108,1
865,1260,87,1
866,0,76,1
866,360,102,1
866,480,106,1
866,720,102,1
866,1020,108,1
866,1260,76,1
867,0,15,1
867,360,101,1
867,480,105,1
867,720,102,1
867,1020,108,1
867,1260,15,1
868,0,72,1
868,360,100,1
868,480,105,1
868,720,104,1
868,1020,108,1
868,1260,72,1
869,0,5,1
869,360,104,1
869,480,107,1
869,720,104,1
869,1020,108,1
869,1260,5,1
870,0,44,1
870,360,102,1
870,480,107,1
870,720,100,1
870,1020,108,1
870,1260,44,1
871,0,68,1
871,360,102,1
871,480,105,1
871,720,104,1
871,1020,108,1
871,1260,68,1
872,0,54,1
872,360,104,1
872,480,107,1
872,720,101,1
872,1020,108,1
872,1260,54,1
873,0,84,1
873,360,103,1
873,480,106,1
873,720,100,1
873,1020,108,1
873,1260,84,1
874,0,47,1
874,360,101,1
874,480,106,1
874,720,103,1
874,1020,108,1
874,1260,47,1
875,0,8,1
875,360,100,1
875,480,105,1
875,720,103,1
875,1020,108,1
875,1260,8,1
876,0,64,1
876,360,104,1
876,480,105,1
876,720,104,1
876,1020,108,1
876,1260,64,1
877,0,82,1
877,360,100,1
877,480,106,1
877,720,102,1
877,1020,108,1
877,1260,82,1
878,0,43,1
878,360,101,1
878,480,106,1
878,720,104,1
878,1020,108,1
878,1260,43,1
879,0,1,1
879,360,103,1
879,480,106,1
879,720,104,1
879,1020,108,1
879,1260,1,1
880,0,53,1
880,360,101,1
880,480,106,1
880,720,100,1
880,1020,108,1
880,1260,53,1
881,0,62,1
881,360,100,1
881,480,107,1
881,720,100,1
881,1020,108,1
881,1260,62,1
882,0,13,1
882,360,100,1
882,480,106,1
882,720,101,1
882,1020,108,1
882,1260,13,1
883,0,55,1
883,360,100,1
883,480,105,1
883,720,103,1
883,1020,108,1
883,1260,55,1
884,0,46,1
884,360,104,1
884,480,106,1
884,720,104,1
884,1020,108,1
884,1260,46,1
885,0,81,1
885,360,103,1
885,480,106,1
885,720,103,1
885,1020,108,1
885,1260,81,1
886,0,58,1
886,360,100,1
886,480,107,1
886,720,104,1
886,1020,108,1
886,1260,58,1
887,0,90,1
887,360,104,1
887,480,107,1
887,720,101,1
887,1020,108,1
887,1260,90,1
888,0,19,1
888,360,102,1
888,480,105,1
888,720,102,1
888,1020,108,1
888,1260,19,1
889,0,55,1
889,360,100,1
889,480,107,1
889,720,101,1
889,1020,108,1
889,1260,55,1
890,0,22,1
890,360,101,1
890,480,107,1
890,720,102,1
890,1020,108,1
890,1260,22,1
891,0,93,1
891,360,103,1
891,480,107,1
891,720,100,1
891,1020,108,1
891,1260,93,1
892,0,66,1
892,360,102,1
892,480,107,1
892,720,103,1
892,1020,108,1
892,1260,66,1
893,0,83,1
893,360,101,1
893,480,105,1
893,720,101,1
893,1020,108,1
893,1260,83,1
894,0,34,1
894,360,100,1
894,480,106,1
894,720,100,1
894,1020,108,1
894,1260,34,1
895,0,78,1
895,360,103,1
895,480,107,1
895,720,104,1
895,1020,108,1
895,1260,78,1
896,0,68,1
896,360,100,1
896,480,106,1
896,720,101,1
896,1020,108,1
896,1260,68,1
897,0,99,1
897,360,100,1
897,480,105,1
897,720,101,1
897,1020,108,1
897,1260,99,1
898,0,61,1
898,360,100,1
898,480,105,1
898,720,103,1
898,1020,108,1
898,1260,61,1
899,0,59,1
899,360,102,1
899,480,107,1
899,720,104,1
899,1020,108,1
899,1260,59,1
900,0,55,1
900,360,102,1
900,480,105,1
900,720,102,1
900,1020,108,1
900,1260,55,1
901,0,93,1
901,360,101,1
901,480,107,1
901,720,102,1
901,1020,108,1
901,1260,93,1
902,0,75,1
902,360,100,1
902,480,105,1
902,720,102,1
902,1020,108,1
902,1260,75,1
903,0,34,1
903,360,103,1
903,480,106,1
903,720,104,1
903,1020,108,1
903,1260,34,1
904,0,41,1
904,360,100,1
904,480,106,1
904,720,104,1
904,1020,108,1
904,1260,41,1
905,0,31,1
905,360,100,1
905,480,106,1
905,720,103,1
905,1020,108,1
905,1260,31,1
906,0,11,1
906,360,104,1
906,480,106,1
906,720,100,1
906,1020,108,1
906,1260,11,1
907,0,35,1
907,360,103,1
907,480,107,1
907,720,101,1
907,1020,108,1
907,1260,35,1
908,0,57,1
908,360,102,1
908,480,105,1
908,720,102,1
908,1020,108,1
908,1260,57,1
909,0,31,1
909,360,100,1
909,480,107,1
909,720,100,1
909,1020,108,1
909,1260,31,1
910,0,96,1
910,360,101,1
910,480,107,1
910,720,104,1
910,1020,108,1
910,1260,96,1
911,0,59,1
911,360,100,1
911,480,105,1
911,720,100,1
911,1020,108,1
911,1260,59,1
912,0,72,1
912,360,101,1
912,480,105,1
912,720,103,1
912,1020,108,1
912,1260,72,1
913,0,78,1
913,360,102,1
913,480,106,1
913,720,101,1
913,1020,108,1
913,1260,78,1
914,0,85,1
914,360,101,1
914,480,105,1
914,720,104,1
914,1020,108,1
914,1260,85,1
915,0,48,1
915,360,103,1
915,480,105,1
915,720,102,1
915,1020,108,1
915,1260,48,1
916,0,43,1
916,360,101,1
916,480,106,1
916,720,102,1
916,1020,108,1
916,1260,43,1
917,0,3,1
917,360,102,1
917,480,105,1
917,720,104,1
917,1020,108,1
917,1260,3,1
918,0,63,1
918,360,102,1
918,480,105,1
918,720,104,1
918,1020,108,1
918,1260,63,1
919,0,41,1
919,360,100,1
919,480,105,1
919,720,101,1
919,1020,108,1
919,1260,41,1
920,0,23,1
920,360,104,1
920,480,105,1
920,720,103,1
920,1020,108,1
920,1260,23,1
921,0,62,1
921,360,100,1
921,480,106,1
921,720,102,1
921,1020,108,1
921,1260,62,1
922,0,27,1
922,360,102,1
922,480,106,1
922,720,100,1
922,1020,108,1
922,1260,27,1
923,0,45,1
923,360,104,1
923,480,106,1
923,720,100,1
923,1020,108,1
923,1260,45,1
924,0,33,1
924,360,102,1
924,480,105,1
924,720,102,1
924,1020,108,1
924,1260,33,1
925,0,43,1
925,360,104,1
925,480,106,1
925,720,104,1
925,1020,108,1
925,1260,43,1
926,0,35,1
926,360,101,1
926,480,106,1
926,720,102,1
926,1020,108,1
926,1260,35,1
927,0,76,1
927,360,104,1
927,480,106,1
927,720,101,1
927,1020,108,1
927,1260,76,1
928,0,89,1
928,360,104,1
928,480,105,1
928,720,101,1
928,1020,108,1
928,1260,89,1
929,0,35,1
929,360,100,1
929,480,106,1
929,720,100,1
929,1020,108,1
929,1260,35,1
930,0,71,1
930,360,101,1
930,480,107,1
930,720,102,1
930,1020,108,1
930,1260,71,1
931,0,1,1
931,360,100,1
931,480,106,1
931,720,100,1
931,1020,108,1
931,1260,1,1
932,0,66,1
932,360,103,1
932,480,107,1
932,720,102,1
932,1020,108,1
932,1260,66,1
933,0,24,1
933,360,100,1
933,480,105,1
933,720,104,1
933,1020,108,1
933,1260,24,1
934,0,10,1
934,360,101,1
934,480,106,1
934,720,103,1
934,1020,108,1
934,1260,10,1
935,0,30,1
935,360,100,1
935,480,105,1
935,720,102,1
935,1020,108,1
935,1260,30,1
936,0,92,1
936,360,100,1
936,480,105,1
936,720,101,1
936,1020,108,1
936,1260,92,1
937,0,52,1
937,360,104,1
937,480,106,1
937,720,102,1
937,1020,108,1
937,1260,52,1
938,0,62,1
938,360,103,1
938,480,107,1
938,720,100,1
938,1020,108,1
938,1260,62,1
939,0,71,1
939,360,104,1
939,480,105,1
939,720,104,1
939,1020,108,1
939,1260,71,1
940,0,97,1
940,360,101,1
940,480,107,1
940,720,103,1
940,1020,108,1
940,1260,97,1
941,0,30,1
941,360,100,1
941,480,107,1
941,720,104,1
941,1020,108,1
941,1260,30,1
942,0,88,1
942,360,100,1
942,480,106,1
942,720,101,1
942,1020,108,1
942,1260,88,1
943,0,60,1
943,360,101,1
943,480,106,1
943,720,102,1
943,1020,108,1
943,1260,60,1
944,0,82,1
944,360,102,1
944,480,106,1
944,720,102,1
944,1020,108,1
944,1260,82,1
945,0,91,1
945,360,102,1
945,480,106,1
945,720,102,1
945,1020,108,1
945,1260,91,1
946,0,62,1
946,360,101,1
946,480,105,1
946,720,101,1
946,1020,108,1
946,1260,62,1
947,0,57,1
947,360,101,1
947,480,107,1
947,720,100,1
947,1020,108,1
947,1260,57,1
948,0,2,1
948,360,101,1
948,480,105,1
948,720,101,1
948,1020,108,1
948,1260,2,1
949,0,11,1
949,360,103,1
949,480,106,1
949,720,102,1
949,1020,108,1
949,1260,11,1
950,0,37,1
950,360,103,1
950,480,105,1
950,720,104,1
950,1020,108,1
950,1260,37,1
951,0,28,1
951,360,102,1
951,480,105,1
951,720,103,1
951,1020,108,1
951,1260,28,1
952,0,51,1
952,360,102,1
952,480,106,1
952,720,102,1
952,1020,108,1
952,1260,51,1
953,0,88,1
953,360,100,1
953,480,105,1
953,720,101,1
953,1020,108,1
953,1260,88,1
954,0,31,1
954,360,102,1
954,480,107,1
954,720,104,1
954,1020,108,1
954,1260,31,1
955,0,39,1
955,360,100,1
955,480,105,1
955,720,102,1
955,1020,108,1
955,1260,39,1
956,0,84,1
956,360,101,1
956,480,105,1
956,720,101,1
956,1020,108,1
956,1260,84,1
957,0,74,1
957,360,102,1
957,480,106,1
957,720,104,1
957,1020,108,1
957,1260,74,1
958,0,47,1
958,360,100,1
958,480,107,1
958,720,102,1
958,1020,108,1
958,1260,47,1
959,0,60,1
959,360,102,1
959,480,105,1
959,720,100,1
959,1020,108,1
959,1260,60,1
960,0,70,1
960,360,103,1
960,480,106,1
960,720,104,1
960,1020,108,1
960,1260,70,1
961,0,67,1
961,360,104,1
961,480,105,1
961,720,100,1
961,1020,108,1
961,1260,67,1
962,0,44,1
962,360,103,1
962,480,105,1
962,720,101,1
962,1020,108,1
962,1260,44,1
963,0,54,1
963,360,100,1
963,480,105,1
963,720,100,1
963,1020,108,1
963,1260,54,1
964,0,95,1
964,360,101,1
964,480,105,1
964,720,101,1
964,1020,108,1
964,1260,95,1
965,0,70,1
965,360,103,1
965,480,106,1
965,720,100,1
965,1020,108,1
965,1260,70,1
966,0,42,1
966,360,104,1
966,480,107,1
966,720,102,1
966,1020,108,1
966,1260,42,1
967,0,45,1
967,360,100,1
967,480,105,1
967,720,100,1
967,1020,108,1
967,1260,45,1
968,0,89,1
968,360,101,1
968,480,107,1
968,720,103,1
968,1020,108,1
968,1260,89,1
969,0,58,1
969,360,101,1
969,480,105,1
969,720,102,1
969,1020,108,1
969,1260,58,1
970,0,34,1
970,360,100,1
970,480,105,1
970,720,103,1
970,1020,108,1
970,1260,34,1
971,0,39,1
971,360,100,1
971,480,105,1
971,720,104,1
971,1020,108,1
971,1260,39,1
972,0,32,1
972,360,103,1
972,480,107,1
972,720,103,1
972,1020,108,1
972,1260,32,1
973,0,29,1
973,360,103,1
973,480,105,1
973,720,103,1
973,1020,108,1
973,1260,29,1
974,0,15,1
974,360,103,1
974,480,105,1
974,720,102,1
974,1020,108,1
974,1260,15,1
975,0,92,1
975,360,101,1
975,480,105,1
975,720,102,1
975,1020,108,1
975,1260,92,1
976,0,24,1
976,360,102,1
976,480,106,1
976,720,101,1
976,1020,108,1
976,1260,24,1
977,0,40,1
977,360,100,1
977,480,107,1
977,720,104,1
977,1020,108,1
977,1260,40,1
978,0,15,1
978,360,104,1
978,480,105,1
978,720,102,1
978,1020,108,1
978,1260,15,1
979,0,95,1
979,360,103,1
979,480,106,1
979,720,104,1
979,1020,108,1
979,1260,95,1
980,0,68,1
980,360,103,1
980,480,105,1
980,720,100,1
980,1020,108,1
980,1260,68,1
981,0,97,1
981,360,102,1
981,480,106,1
981,720,101,1
981,1020,108,1
981,1260,97,1
982,0,88,1
982,360,103,1
982,480,105,1
982,720,104,1
982,1020,108,1
982,1260,88,1
983,0,23,1
983,360,101,1
983,480,107,1
983,720,104,1
983,1020,108,1
983,1260,23,1
984,0,24,1
984,360,100,1
984,480,106,1
984,720,102,1
984,1020,108,1
984,1260,24,1
985,0,27,1
985,360,103,1
985,480,107,1
985,720,103,1
985,1020,108,1
985,1260,27,1
986,0,94,1
986,360,102,1
986,480,107,1
986,720,104,1
986,1020,108,1
986,1260,94,1
987,0,61,1
987,360,102,1
987,480,106,1
987,720,102,1
987,1020,108,1
987,1260,61,1
988,0,35,1
988,360,101,1
988,480,105,1
988,720,102,1
988,1020,108,1
988,1260,35,1
989,0,92,1
989,360,104,1
989,480,105,1
989,720,100,1
989,1020,108,1
989,1260,92,1
990,0,75,1
990,360,102,1
990,480,105,1
990,720,103,1
990,1020,108,1
990,1260,75,1
991,0,97,1
991,360,104,1
991,480,106,1
991,720,104,1
991,1020,108,1
991,1260,97,1
992,0,67,1
992,360,101,1
992,480,105,1
992,720,100,1
992,1020,108,1
992,1260,67,1
993,0,76,1
993,360,101,1
993,480,107,1
993,720,101,1
993,1020,108,1
993,1260,76,1
994,0,36,1
994,360,102,1
994,480,107,1
994,720,100,1
994,1020,108,1
994,1260,36,1
995,0,12,1
995,360,101,1
995,480,107,1
995,720,103,1
995,1020,108,1
995,1260,12,1
996,0,24,1
996,360,102,1
996,480,105,1
996,720,101,1
996,1020,108,1
996,1260,24,1
997,0,37,1
997,360,101,1
997,480,107,1
997,720,102,1
997,1020,108,1
997,1260,37,1
998,0,29,1
998,360,102,1
998,480,107,1
998,720,100,1
998,1020,108,1
998,1260,29,1
999,0,46,1
999,360,102,1
999,480,107,1
999,720,104,1
999,1020,108,1
999,1260,46,1
